X,Y,Frame,Tiempo_seg
1589.0006,454.0128,0,0.0
1589.1136,454.09534,1,0.07000085518814139
1589.2323,454.2909,2,0.14000171037628278
1589.4246,454.10916,3,0.21000256556442418
1589.4814,454.26266,4,0.28000342075256557
1589.4774,454.34558,5,0.350004275940707
1589.842,454.16983,6,0.42000513112884835
1589.9086,454.1764,7,0.4900059863169898
1590.3838,454.39142,8,0.5600068415051311
1590.4287,454.23135,9,0.6300076966932725
1590.4701,454.23117,10,0.700008551881414
1590.5559,454.4093,11,0.7700094070695553
1590.5802,454.46826,12,0.8400102622576967
1590.5364,454.44373,13,0.9100111174458381
1590.805,454.41516,14,0.9800119726339795
1590.8302,454.3722,15,1.0500128278221208
1590.9008,454.56482,16,1.1200136830102623
1590.7477,454.5323,17,1.1900145381984037
1590.953,454.6434,18,1.260015393386545
1590.5366,454.47543,19,1.3300162485746865
1588.6827,454.34824,20,1.400017103762828
1586.4132,454.38498,21,1.4700179589509692
1583.5524,454.38892,22,1.5400188141391107
1581.3593,454.36343,23,1.6100196693272522
1578.8286,454.192,24,1.6800205245153934
1576.5559,454.06543,25,1.7500213797035349
1573.8312,454.3485,26,1.8200222348916761
1571.0309,454.40805,27,1.8900230900798176
1568.7938,454.4968,28,1.960023945267959
1565.7506,454.13953,29,2.0300248004561006
1563.2882,454.42786,30,2.1000256556442416
1561.0249,454.13916,31,2.170026510832383
1558.7711,454.18802,32,2.2400273660205245
1556.2949,454.2695,33,2.310028221208666
1553.7622,454.12915,34,2.3800290763968075
1551.0767,454.25027,35,2.450029931584949
1548.5256,454.1488,36,2.52003078677309
1545.4592,453.99182,37,2.5900316419612315
1543.1846,454.00644,38,2.660032497149373
1540.4431,453.762,39,2.7300333523375144
1537.4355,453.53317,40,2.800034207525656
1534.9669,453.5235,41,2.870035062713797
1532.6305,453.41425,42,2.9400359179019384
1529.8319,453.52612,43,3.01003677309008
1527.1569,453.59073,44,3.0800376282782214
1524.6165,453.50644,45,3.150038483466363
1522.3751,453.6058,46,3.2200393386545043
1520.0859,453.32703,47,3.2900401938426453
1517.6365,453.00308,48,3.360041049030787
1515.1622,453.55518,49,3.4300419042189283
1512.4354,452.73642,50,3.5000427594070698
1509.3965,452.41095,51,3.5700436145952112
1506.8552,452.44568,52,3.6400444697833523
1504.5942,452.86816,53,3.7100453249714938
1502.3232,453.13467,54,3.7800461801596352
1499.8639,453.3911,55,3.8500470353477767
1497.249,453.76306,56,3.920047890535918
1494.8876,453.576,57,3.9900487457240597
1492.3213,453.88925,58,4.060049600912201
1489.1555,453.95566,59,4.130050456100342
1486.3898,454.02475,60,4.200051311288483
1482.9302,453.9109,61,4.270052166476625
1480.2263,453.834,62,4.340053021664766
1477.3994,453.80475,63,4.410053876852908
1474.732,453.12024,64,4.480054732041049
1472.2391,452.91586,65,4.550055587229191
1469.8165,452.41522,66,4.620056442417332
1467.2396,452.0475,67,4.690057297605473
1465.2334,451.9822,68,4.760058152793615
1462.3798,451.62424,69,4.830059007981756
1460.1143,451.80347,70,4.900059863169898
1457.1073,451.58295,71,4.970060718358039
1454.5253,451.6983,72,5.04006157354618
1451.8666,451.6303,73,5.110062428734322
1449.2078,451.6105,74,5.180063283922463
1446.8269,451.52994,75,5.250064139110605
1444.0818,451.76422,76,5.320064994298746
1441.181,451.23892,77,5.390065849486887
1438.8788,450.96942,78,5.460066704675029
1436.124,451.01263,79,5.53006755986317
1433.39,450.80582,80,5.600068415051312
1430.9517,451.36337,81,5.670069270239453
1428.4651,450.6903,82,5.740070125427594
1425.895,450.6132,83,5.810070980615736
1423.042,450.8272,84,5.880071835803877
1420.1943,450.42404,85,5.950072690992019
1417.7743,450.4592,86,6.02007354618016
1414.9406,450.53485,87,6.090074401368302
1412.5513,450.23138,88,6.160075256556443
1409.2543,450.2387,89,6.230076111744584
1406.7886,450.20337,90,6.300076966932726
1403.9114,450.15063,91,6.370077822120867
1401.1234,450.01666,92,6.440078677309009
1398.7041,450.1117,93,6.51007953249715
1395.3452,449.91113,94,6.580080387685291
1392.8131,450.10535,95,6.650081242873433
1390.0977,449.94638,96,6.720082098061574
1387.3402,449.87823,97,6.790082953249716
1384.6125,449.85825,98,6.860083808437857
1381.4524,449.75156,99,6.930084663625998
1379.0693,449.7245,100,7.0000855188141395
1375.8436,449.77826,101,7.070086374002281
1373.1512,449.24808,102,7.1400872291904225
1370.6434,449.3452,103,7.2100880843785635
1367.6427,449.23218,104,7.2800889395667046
1365.1447,449.16556,105,7.3500897947548465
1362.5564,448.99368,106,7.4200906499429875
1359.1991,448.9313,107,7.490091505131129
1356.6093,449.1999,108,7.5600923603192705
1353.45,448.99866,109,7.630093215507412
1350.8904,448.51068,110,7.700094070695553
1347.9325,448.4344,111,7.770094925883694
1345.0461,448.32004,112,7.840095781071836
1342.375,448.15363,113,7.910096636259977
1339.4913,448.11313,114,7.980097491448119
1336.8799,448.11917,115,8.05009834663626
1334.3163,448.20715,116,8.120099201824402
1331.342,447.75488,117,8.190100057012543
1328.9006,447.84348,118,8.260100912200684
1325.4888,447.72272,119,8.330101767388825
1322.9283,447.84537,120,8.400102622576966
1319.9989,447.68085,121,8.47010347776511
1317.092,447.647,122,8.54010433295325
1314.8325,447.40518,123,8.610105188141391
1311.9294,447.3748,124,8.680106043329532
1308.7035,447.2903,125,8.750106898517675
1305.8568,447.016,126,8.820107753705816
1303.153,447.06488,127,8.890108608893957
1300.2438,446.69473,128,8.960109464082098
1297.366,446.41373,129,9.03011031927024
1294.7205,446.49084,130,9.100111174458382
1291.5112,446.27032,131,9.170112029646523
1288.8416,446.47208,132,9.240112884834664
1285.6241,446.38144,133,9.310113740022805
1282.7288,446.24158,134,9.380114595210946
1280.0608,446.11066,135,9.450115450399089
1277.3547,445.95453,136,9.52011630558723
1274.9148,445.89615,137,9.590117160775371
1272.3705,446.0923,138,9.660118015963512
1269.5505,446.0349,139,9.730118871151653
1266.9672,445.86038,140,9.800119726339796
1264.4075,445.7802,141,9.870120581527937
1261.0432,445.6353,142,9.940121436716078
1258.3533,445.80948,143,10.010122291904219
1255.1923,445.81967,144,10.08012314709236
1252.8671,445.3759,145,10.150124002280503
1250.0111,445.3955,146,10.220124857468644
1247.102,445.5945,147,10.290125712656785
1244.0948,445.0394,148,10.360126567844926
1241.4417,444.97217,149,10.430127423033067
1238.8436,445.22968,150,10.50012827822121
1235.5292,444.88608,151,10.57012913340935
1233.0792,444.4376,152,10.640129988597492
1230.1023,444.43774,153,10.710130843785633
1227.4357,444.42502,154,10.780131698973774
1225.04,444.36148,155,10.850132554161917
1221.6042,444.1031,156,10.920133409350058
1552.9985,486.00043,168,11.760143671607754
1550.6888,486.32172,169,11.830144526795896
1547.9016,486.27097,170,11.900145381984037
1545.2937,486.17862,171,11.970146237172179
1543.0265,486.23312,172,12.04014709236032
1540.7916,486.28693,173,12.11014794754846
1538.5024,486.12692,174,12.180148802736603
1535.8478,486.3552,175,12.250149657924744
1533.1475,486.28442,176,12.320150513112885
1530.8628,486.0682,177,12.390151368301026
1528.6089,486.19308,178,12.460152223489168
1526.022,486.29233,179,12.53015307867731
1523.2109,486.25476,180,12.600153933865451
1521.0352,486.2832,181,12.670154789053592
1518.5293,486.13757,182,12.740155644241733
1515.6655,485.93973,183,12.810156499429874
1513.3358,486.07584,184,12.880157354618017
1511.0032,486.11313,185,12.950158209806158
1508.643,486.1153,186,13.0201590649943
1506.423,486.15802,187,13.09015992018244
1503.3041,485.84732,188,13.160160775370581
1501.032,486.0157,189,13.230161630558724
1498.6733,485.915,190,13.300162485746865
1496.0273,485.66623,191,13.370163340935006
1493.3418,485.77634,192,13.440164196123147
1490.9065,485.86612,193,13.510165051311288
1488.7894,485.6054,194,13.580165906499431
1486.2607,485.6788,195,13.650166761687572
1483.3368,485.7242,196,13.720167616875713
1480.8483,485.64032,197,13.790168472063854
1478.6239,485.66122,198,13.860169327251995
1476.0376,485.6935,199,13.930170182440138
1473.3258,485.72916,200,14.000171037628279
1470.8411,485.8188,201,14.07017189281642
1468.5348,485.65784,202,14.140172748004561
1465.3627,485.73428,203,14.210173603192702
1463.1818,485.48773,204,14.280174458380845
1460.6042,485.34097,205,14.350175313568986
1458.0173,485.42972,206,14.420176168757127
1455.3357,485.48965,207,14.490177023945268
1453.0536,484.79852,208,14.560177879133409
1450.5748,485.21243,209,14.630178734321552
1447.6667,485.2857,210,14.700179589509693
1445.3208,485.26202,211,14.770180444697834
1442.7383,485.55533,212,14.840181299885975
1440.1014,485.4245,213,14.910182155074116
1437.4214,485.21347,214,14.980183010262259
1434.9202,485.18954,215,15.0501838654504
1432.4825,485.28192,216,15.120184720638541
1429.3558,485.26843,217,15.190185575826682
1426.9443,485.20416,218,15.260186431014825
1424.6476,484.7345,219,15.330187286202966
1422.2736,484.4859,220,15.400188141391107
1419.4429,484.89825,221,15.470188996579248
1416.863,484.36557,222,15.540189851767389
1414.2998,484.3448,223,15.610190706955532
1411.302,484.44046,224,15.680191562143673
1408.8401,484.45764,225,15.750192417331814
1406.6953,484.21057,226,15.820193272519955
1403.9507,483.9707,227,15.890194127708096
1401.1663,484.0805,228,15.960194982896239
1398.8295,484.14734,229,16.030195838084378
1395.8821,483.94568,230,16.10019669327252
1393.3778,484.01578,231,16.170197548460663
1390.784,483.91592,232,16.240198403648805
1388.2772,483.86853,233,16.310199258836946
1385.4559,483.97333,234,16.380200114025087
1382.6442,484.03632,235,16.450200969213228
1380.2874,483.81546,236,16.52020182440137
1377.4912,483.8012,237,16.59020267958951
1375.0234,483.78558,238,16.66020353477765
1372.4125,483.84824,239,16.73020438996579
1369.8754,483.84042,240,16.800205245153933
1366.9504,483.8164,241,16.870206100342077
1364.6406,483.64185,242,16.94020695553022
1361.43,483.62613,243,17.01020781071836
1359.0657,483.59357,244,17.0802086659065
1356.5692,483.44748,245,17.15020952109464
1353.4421,483.4359,246,17.220210376282783
1351.0,483.35342,247,17.290211231470924
1348.4628,483.11688,248,17.360212086659065
1345.7332,483.3381,249,17.430212941847206
1343.0123,483.13873,250,17.50021379703535
1340.5317,482.98102,251,17.57021465222349
1337.9835,483.51294,252,17.640215507411632
1335.1382,482.94193,253,17.710216362599773
1332.651,483.00513,254,17.780217217787914
1329.6431,483.1029,255,17.850218072976055
1327.1265,482.8794,256,17.920218928164196
1324.487,482.59213,257,17.990219783352337
1321.3322,482.5981,258,18.06022063854048
1318.8472,482.2925,259,18.13022149372862
1316.5239,482.4037,260,18.200222348916764
1313.8064,482.36777,261,18.270223204104905
1311.0715,482.20502,262,18.340224059293046
1308.316,482.23584,263,18.410224914481187
1305.7485,482.05603,264,18.480225769669328
1303.0302,482.1456,265,18.55022662485747
1300.1632,482.2032,266,18.62022748004561
1297.1505,481.8411,267,18.69022833523375
1294.7955,481.90384,268,18.760229190421892
1291.715,481.83652,269,18.830230045610033
1289.1178,481.85117,270,18.900230900798178
1286.8793,481.93195,271,18.97023175598632
1284.306,481.9186,272,19.04023261117446
1281.376,481.6629,273,19.1102334663626
1278.6322,481.69388,274,19.180234321550742
1275.4684,481.5088,275,19.250235176738883
1272.872,481.4812,276,19.320236031927024
1270.2964,481.36688,277,19.390236887115165
1267.349,481.61737,278,19.460237742303306
1264.864,481.4747,279,19.530238597491447
1261.6276,480.9984,280,19.600239452679592
1259.3046,480.9182,281,19.670240307867733
1256.6473,480.48553,282,19.740241163055874
1253.747,480.42932,283,19.810242018244015
1251.2512,480.2354,284,19.880242873432156
1248.7092,480.20724,285,19.950243728620297
1246.2638,480.19122,286,20.020244583808438
1243.2145,480.09857,287,20.09024543899658
1240.7562,480.4049,288,20.16024629418472
1238.2454,480.15784,289,20.230247149372865
1235.3949,480.03967,290,20.300248004561006
1232.9089,479.88785,291,20.370248859749147
1230.241,480.18314,292,20.440249714937288
1227.1296,480.1039,293,20.51025057012543
1224.7368,479.8558,294,20.58025142531357
1222.0137,479.80746,295,20.65025228050171
1219.3539,479.6877,296,20.720253135689852
1551.9982,523.0075,308,21.560263397947548
1549.7715,523.0056,309,21.630264253135692
1547.4707,522.9402,310,21.700265108323833
1544.5994,523.0154,311,21.770265963511974
1542.2286,523.1037,312,21.840266818700115
1539.8639,523.11743,313,21.910267673888256
1537.4004,523.1813,314,21.980268529076397
1535.1512,523.2477,315,22.05026938426454
1532.1993,523.10315,316,22.12027023945268
1529.9836,523.2302,317,22.19027109464082
1527.6608,523.17377,318,22.26027194982896
1525.3563,523.22375,319,22.330272805017106
1522.3325,523.22754,320,22.400273660205247
1519.8649,522.9874,321,22.47027451539339
1517.7683,523.1859,322,22.54027537058153
1515.3087,523.3016,323,22.61027622576967
1512.4269,523.0457,324,22.68027708095781
1509.9395,523.10657,325,22.750277936145952
1507.7069,523.1478,326,22.820278791334093
1504.4772,522.9988,327,22.890279646522234
1502.2998,523.01904,328,22.960280501710375
1499.8429,523.0993,329,23.03028135689852
1497.503,522.9311,330,23.10028221208666
1494.7102,522.8895,331,23.170283067274802
1492.291,523.0609,332,23.240283922462943
1489.7605,522.95557,333,23.310284777651084
1487.524,522.83606,334,23.380285632839225
1484.4403,523.0759,335,23.450286488027366
1482.2203,522.7732,336,23.520287343215507
1479.8348,522.99176,337,23.59028819840365
1477.1082,523.0311,338,23.660289053591793
1474.7377,522.83386,339,23.730289908779934
1472.1417,522.942,340,23.800290763968075
1469.6146,522.8561,341,23.870291619156216
1467.0952,522.78625,342,23.940292474344357
1464.2998,522.85034,343,24.010293329532498
1461.8674,522.709,344,24.08029418472064
1459.2103,522.87726,345,24.15029503990878
1456.2852,522.7302,346,24.22029589509692
1454.2156,522.7931,347,24.290296750285062
1451.6948,522.82947,348,24.360297605473207
1449.1176,522.8978,349,24.430298460661348
1446.3832,522.93994,350,24.50029931584949
1443.9991,523.08136,351,24.57030017103763
1441.6843,522.92847,352,24.64030102622577
1438.4469,522.71216,353,24.710301881413912
1435.9182,522.708,354,24.780302736602053
1433.4926,522.7497,355,24.850303591790194
1430.45,522.43933,356,24.920304446978335
1427.8342,522.46375,357,24.990305302166476
1425.4857,522.5918,358,25.06030615735462
1423.0173,522.3633,359,25.13030701254276
1420.1434,522.5322,360,25.200307867730903
1417.6816,522.4523,361,25.270308722919044
1415.2966,522.4275,362,25.340309578107185
1412.2172,522.44946,363,25.410310433295326
1410.2621,522.09656,364,25.480311288483467
1407.597,522.081,365,25.550312143671608
1405.1058,521.9979,366,25.62031299885975
1402.351,521.925,367,25.69031385404789
1399.7091,522.255,368,25.760314709236035
1397.0377,522.24866,369,25.830315564424176
1394.1735,521.993,370,25.900316419612317
1391.7769,521.68506,371,25.970317274800458
1389.5312,521.97815,372,26.0403181299886
1386.3098,521.9612,373,26.11031898517674
1383.7039,522.0691,374,26.18031984036488
1381.5671,521.7612,375,26.25032069555302
1378.4083,521.8179,376,26.320321550741163
1375.8068,521.73114,377,26.390322405929304
1373.497,521.7394,378,26.46032326111745
1370.4734,521.2431,379,26.53032411630559
1368.0531,522.009,380,26.60032497149373
1365.7039,521.71136,381,26.67032582668187
1362.88,521.3274,382,26.740326681870012
1360.2897,521.4097,383,26.810327537058154
1357.6666,521.2881,384,26.880328392246295
1355.1597,521.30054,385,26.950329247434436
1352.2483,521.1283,386,27.020330102622577
1349.5225,521.1482,387,27.09033095781072
1346.6265,521.3325,388,27.160331812998862
1344.1735,521.24927,389,27.230332668187003
1341.6711,521.1148,390,27.300333523375144
1338.6285,521.2286,391,27.370334378563285
1336.1936,521.15564,392,27.440335233751426
1333.7131,521.2102,393,27.510336088939567
1330.6423,521.1532,394,27.58033694412771
1328.1082,521.2556,395,27.65033779931585
1325.4299,521.0782,396,27.72033865450399
1322.8707,521.10126,397,27.790339509692135
1319.761,520.9276,398,27.860340364880276
1317.628,520.8627,399,27.930341220068417
1314.6361,521.0344,400,28.000342075256558
1312.0083,520.99475,401,28.0703429304447
1309.4346,520.90173,402,28.14034378563284
1306.2394,520.8131,403,28.21034464082098
1303.9979,520.86115,404,28.280345496009122
1300.7559,520.9539,405,28.350346351197263
1298.3542,520.72754,406,28.420347206385404
1296.1118,520.7821,407,28.49034806157355
1293.3346,520.60657,408,28.56034891676169
1290.3904,520.8161,409,28.63034977194983
1287.9606,520.6521,410,28.700350627137972
1284.8862,520.55286,411,28.770351482326113
1282.1984,520.5731,412,28.840352337514254
1279.6278,520.51135,413,28.910353192702395
1276.9365,520.68835,414,28.980354047890536
1274.005,520.59937,415,29.050354903078677
1271.55,520.61884,416,29.120355758266818
1268.4894,520.48895,417,29.190356613454963
1265.9713,520.55664,418,29.260357468643104
1263.1802,520.671,419,29.330358323831245
1260.3489,520.6283,420,29.400359179019386
1257.8768,520.30457,421,29.470360034207527
1254.9984,520.06824,422,29.540360889395668
1252.1875,519.85236,423,29.61036174458381
1249.7932,520.2511,424,29.68036259977195
1246.7131,519.9614,425,29.75036345496009
1244.158,519.4994,426,29.820364310148232
1241.5707,519.66785,427,29.890365165336377
1238.7722,519.6898,428,29.960366020524518
1236.3542,519.2955,429,30.03036687571266
1233.5751,519.59766,430,30.1003677309008
1230.9282,519.4786,431,30.17036858608894
1228.0188,519.2878,432,30.240369441277082
1225.3813,519.1023,433,30.310370296465223
1222.4948,519.21423,434,30.380371151653364
1220.0762,519.3567,435,30.450372006841505
1217.6577,519.3124,436,30.52037286202965
1549.999,551.9995,448,31.360383124287345
1547.6526,551.8751,449,31.430383979475486
1545.0027,552.06726,450,31.500384834663627
1542.6523,552.021,451,31.57038568985177
1540.0459,551.92535,452,31.64038654503991
1537.7129,552.01855,453,31.71038740022805
1535.2018,552.3501,454,31.78038825541619
1532.8307,552.2462,455,31.850389110604333
1530.2865,552.34576,456,31.920389965792477
1527.764,552.1991,457,31.99039082098062
1525.4711,552.01025,458,32.060391676168756
1522.8801,552.2928,459,32.1303925313569
1520.0754,552.36194,460,32.20039338654504
1517.913,552.19305,461,32.270394241733186
1515.5704,552.1132,462,32.34039509692133
1512.9054,552.1981,463,32.41039595210947
1510.4921,552.0994,464,32.48039680729761
1508.0753,552.10535,465,32.55039766248575
1505.5292,552.26953,466,32.62039851767389
1502.4901,552.1459,467,32.69039937286203
1500.0956,552.26764,468,32.76040022805017
1497.8053,552.1825,469,32.830401083238314
1495.3756,552.1611,470,32.900401938426455
1492.8799,552.33765,471,32.970402793614596
1490.1752,552.05115,472,33.04040364880274
1487.8927,552.1893,473,33.11040450399088
1485.2775,552.30963,474,33.18040535917902
1482.3959,552.11847,475,33.25040621436716
1480.102,552.148,476,33.3204070695553
1477.5264,551.98083,477,33.39040792474344
1475.3353,552.1104,478,33.46040877993158
1472.3977,552.16675,479,33.530409635119724
1469.7845,552.20374,480,33.600410490307866
1467.444,552.10486,481,33.670411345496014
1464.745,552.0559,482,33.740412200684155
1462.2352,552.1215,483,33.810413055872296
1459.818,552.1102,484,33.88041391106044
1456.6178,552.19025,485,33.95041476624858
1454.4238,552.2651,486,34.02041562143672
1451.8507,552.12524,487,34.09041647662486
1449.3351,552.3541,488,34.160417331813
1446.5846,552.1289,489,34.23041818700114
1443.9369,552.1617,490,34.30041904218928
1441.7268,552.2831,491,34.370419897377424
1438.6718,551.9632,492,34.440420752565565
1436.2484,552.0845,493,34.510421607753706
1433.6854,551.92523,494,34.58042246294185
1430.954,551.8224,495,34.65042331812999
1428.3995,551.916,496,34.72042417331813
1425.8463,551.9404,497,34.79042502850627
1423.0671,551.9807,498,34.86042588369441
1420.13,551.87823,499,34.93042673888255
1417.9816,551.87744,500,35.0004275940707
1415.2216,551.8692,501,35.07042844925884
1412.354,551.91077,502,35.14042930444698
1410.0326,551.68713,503,35.21043015963512
1407.6326,551.60315,504,35.280431014823264
1404.8315,551.8253,505,35.350431870011406
1402.3153,551.7846,506,35.42043272519955
1399.9476,551.937,507,35.49043358038769
1396.9344,551.90875,508,35.56043443557583
1394.3853,551.65936,509,35.63043529076397
1391.8577,551.70575,510,35.70043614595211
1389.2034,551.665,511,35.77043700114025
1386.6837,551.5469,512,35.84043785632839
1384.118,551.7948,513,35.910438711516534
1381.3734,551.58563,514,35.980439566704675
1378.4865,551.74677,515,36.050440421892816
1375.9503,551.6839,516,36.12044127708096
1373.0789,551.5452,517,36.1904421322691
1370.3973,551.3681,518,36.26044298745724
1368.1458,551.4472,519,36.33044384264538
1365.2936,551.2128,520,36.40044469783353
1362.4012,551.209,521,36.47044555302167
1360.0197,551.376,522,36.54044640820981
1357.6133,551.019,523,36.61044726339795
1354.7196,551.0279,524,36.68044811858609
1352.0287,551.0984,525,36.75044897377423
1349.5125,551.29144,526,36.820449828962374
1346.4459,550.60626,527,36.890450684150515
1343.8751,550.5487,528,36.960451539338656
1340.9333,550.7841,529,37.0304523945268
1338.3264,550.93994,530,37.10045324971494
1335.9424,550.87604,531,37.17045410490308
1333.5333,550.8574,532,37.24045496009122
1330.5293,550.479,533,37.31045581527936
1327.9683,550.52637,534,37.3804566704675
1325.5149,550.2936,535,37.450457525655644
1322.5598,550.3132,536,37.520458380843785
1319.6584,550.25507,537,37.590459236031926
1317.3113,550.40283,538,37.66046009122007
1314.38,550.5025,539,37.730460946408215
1311.6848,550.29956,540,37.800461801596356
1309.2284,550.3128,541,37.8704626567845
1306.1635,551.0437,542,37.94046351197264
1303.833,550.8913,543,38.01046436716078
1300.33,550.56866,544,38.08046522234892
1297.9236,550.725,545,38.15046607753706
1295.2166,550.51447,546,38.2204669327252
1292.367,550.3553,547,38.29046778791334
1289.9469,550.3578,548,38.360468643101484
1287.4368,550.0355,549,38.430469498289625
1284.8583,550.47546,550,38.500470353477766
1282.0571,550.25354,551,38.57047120866591
1278.6154,550.29614,552,38.64047206385405
1276.046,550.0247,553,38.71047291904219
1273.5305,549.6989,554,38.78047377423033
1270.9905,549.8368,555,38.85047462941847
1268.2444,549.9166,556,38.92047548460661
1265.6263,549.7031,557,38.99047633979475
1262.9233,549.74097,558,39.060477194982894
1260.3856,549.82495,559,39.13047805017104
1257.5582,549.8332,560,39.200478905359184
1255.1207,549.92804,561,39.270479760547325
1252.2494,550.1034,562,39.340480615735466
1249.6808,549.6898,563,39.41048147092361
1246.4219,549.6115,564,39.48048232611175
1243.838,549.6508,565,39.55048318129989
1241.7914,549.84375,566,39.62048403648803
1238.6887,549.5877,567,39.69048489167617
1236.1096,549.55524,568,39.76048574686431
1233.5088,549.58105,569,39.83048660205245
1230.4119,549.688,570,39.900487457240594
1227.9695,549.5602,571,39.970488312428735
1225.3077,548.96124,572,40.040489167616876
1222.4506,549.66766,573,40.11049002280502
1219.6046,549.4287,574,40.18049087799316
1217.2618,549.553,575,40.2504917331813
1552.0,588.00055,587,41.090501995439
1549.4506,588.02155,588,41.16050285062714
1547.3398,587.93555,589,41.23050370581528
1544.5867,588.25134,590,41.30050456100342
1542.1788,588.08844,591,41.37050541619156
1540.065,588.0757,592,41.440506271379704
1537.2944,588.17804,593,41.510507126567845
1534.8895,588.3297,594,41.580507981755986
1532.7865,588.411,595,41.65050883694413
1530.0868,588.2876,596,41.72050969213227
1527.6577,588.25494,597,41.79051054732041
1525.0255,588.4534,598,41.86051140250856
1522.1239,588.6856,599,41.9305122576967
1519.8256,588.6039,600,42.00051311288484
1517.4723,588.37964,601,42.07051396807298
1514.4719,588.4232,602,42.14051482326112
1511.8944,588.6451,603,42.21051567844926
1509.5332,588.4695,604,42.2805165336374
1507.3553,588.495,605,42.350517388825544
1504.3728,588.3406,606,42.420518244013685
1502.0735,588.3994,607,42.490519099201826
1499.7119,588.4933,608,42.56051995438997
1496.9176,588.27405,609,42.63052080957811
1494.2152,588.72284,610,42.70052166476625
1491.7305,588.4861,611,42.77052251995439
1489.6519,588.56055,612,42.84052337514253
1486.8225,588.702,613,42.91052423033067
1484.3287,588.5734,614,42.98052508551881
1481.883,588.41626,615,43.050525940706954
1479.6334,588.6661,616,43.120526795895096
1476.2583,587.9442,617,43.19052765108324
1472.7461,588.16846,618,43.260528506271385
1471.6027,588.517,619,43.330529361459526
1468.5894,588.41895,620,43.40053021664767
1465.8123,588.77563,621,43.47053107183581
1463.6359,588.94244,622,43.54053192702395
1460.7971,588.7103,623,43.61053278221209
1458.2495,588.87555,624,43.68053363740023
1456.0134,588.67145,625,43.75053449258837
1453.5635,588.43896,626,43.82053534777651
1450.4095,588.61975,627,43.890536202964654
1448.0759,588.36774,628,43.960537058152795
1445.5656,588.357,629,44.030537913340936
1442.8495,588.4339,630,44.10053876852908
1440.1356,588.30963,631,44.17053962371722
1437.5049,588.7268,632,44.24054047890536
1434.6362,588.40454,633,44.3105413340935
1432.4194,588.46704,634,44.38054218928164
1429.7356,588.77905,635,44.45054304446978
1427.0688,588.6351,636,44.52054389965792
1424.3589,588.54535,637,44.59054475484607
1421.6705,588.74994,638,44.66054561003421
1419.0223,589.06976,639,44.73054646522235
1416.436,588.4429,640,44.800547320410494
1413.868,588.8355,641,44.870548175598636
1411.6194,588.53644,642,44.94054903078678
1408.7317,588.9443,643,45.01054988597492
1406.2528,588.5177,644,45.08055074116306
1403.6902,588.44745,645,45.1505515963512
1401.0996,588.63495,646,45.22055245153934
1398.6855,588.52905,647,45.29055330672748
1395.8759,588.255,648,45.36055416191562
1393.5818,588.396,649,45.430555017103764
1390.5835,588.8388,650,45.500555872291905
1388.2053,588.418,651,45.570556727480046
1384.98,588.26025,652,45.64055758266819
1382.2446,588.39923,653,45.71055843785633
1379.9587,588.46454,654,45.78055929304447
1377.0573,588.25446,655,45.85056014823261
1374.2776,588.1365,656,45.92056100342075
1371.9174,588.05524,657,45.9905618586089
1369.1625,588.159,658,46.06056271379704
1366.9489,588.3585,659,46.13056356898518
1363.8553,588.19183,660,46.20056442417332
1361.592,588.2052,661,46.27056527936146
1358.8811,588.16986,662,46.340566134549604
1355.7856,588.121,663,46.410566989737745
1353.5974,588.191,664,46.480567844925886
1350.5536,588.2191,665,46.55056870011403
1347.8933,588.2504,666,46.62056955530217
1345.3639,588.2218,667,46.69057041049031
1342.6339,588.0508,668,46.76057126567845
1340.0907,588.1294,669,46.83057212086659
1337.3838,588.1043,670,46.90057297605473
1334.6051,588.16547,671,46.97057383124287
1331.7247,588.1639,672,47.040574686431015
1329.023,588.04156,673,47.110575541619156
1326.3411,588.1825,674,47.1805763968073
1323.755,588.18427,675,47.25057725199544
1321.202,588.2064,676,47.320578107183586
1318.2246,588.1653,677,47.39057896237173
1315.7848,588.02783,678,47.46057981755987
1313.0095,588.10895,679,47.53058067274801
1310.2063,588.1359,680,47.60058152793615
1307.936,588.24524,681,47.67058238312429
1304.808,588.31946,682,47.74058323831243
1302.0973,588.0448,683,47.81058409350057
1299.7833,588.2022,684,47.880584948688714
1296.6544,587.9132,685,47.950585803876855
1294.0671,588.09235,686,48.020586659064996
1291.5293,587.9086,687,48.09058751425314
1288.4246,587.90125,688,48.16058836944128
1286.2919,587.97925,689,48.23058922462942
1283.5768,588.10645,690,48.30059007981756
1280.3815,587.9782,691,48.3705909350057
1278.1663,587.9979,692,48.44059179019384
1275.0555,588.0245,693,48.51059264538198
1272.358,587.7822,694,48.580593500570124
1269.9424,587.7367,695,48.650594355758265
1266.8981,587.62463,696,48.72059521094641
1264.3116,587.7387,697,48.790596066134555
1261.9531,588.0098,698,48.860596921322696
1259.5327,587.7217,699,48.93059777651084
1256.3563,587.5187,700,49.00059863169898
1253.8201,587.74316,701,49.07059948688712
1251.1025,587.6804,702,49.14060034207526
1248.0941,587.54663,703,49.2106011972634
1245.6873,587.6887,704,49.28060205245154
1242.6047,587.3376,705,49.35060290763968
1240.1183,587.51154,706,49.420603762827824
1236.9882,587.6587,707,49.490604618015965
1234.3525,587.69434,708,49.560605473204106
1232.152,587.52734,709,49.63060632839225
1229.1804,587.45276,710,49.70060718358039
1226.4058,587.39777,711,49.77060803876853
1223.9724,587.6386,712,49.84060889395667
1221.6083,587.60095,713,49.91060974914481
1218.9608,587.6584,714,49.98061060433295
1216.1105,587.5881,715,50.05061145952109
1551.9988,620.9999,727,50.89062172177879
1549.6837,621.0349,728,50.960622576966934
1547.0968,620.94104,729,51.030623432155075
1544.6078,621.20447,730,51.100624287343216
1542.3042,621.0686,731,51.17062514253136
1539.643,621.2454,732,51.2406259977195
1537.2655,621.3025,733,51.31062685290764
1534.448,621.2822,734,51.38062770809578
1532.022,621.4168,735,51.45062856328393
1529.497,621.47766,736,51.52062941847207
1526.682,621.2726,737,51.59063027366021
1524.3582,621.53217,738,51.66063112884835
1522.037,621.2501,739,51.73063198403649
1519.2942,621.3101,740,51.80063283922463
1516.9258,621.43646,741,51.870633694412774
1514.1738,621.1571,742,51.940634549600915
1511.6296,621.78406,743,52.010635404789056
1508.9127,621.5594,744,52.0806362599772
1506.477,621.5508,745,52.15063711516534
1503.9554,621.9188,746,52.22063797035348
1501.6016,621.8682,747,52.29063882554162
1499.0758,621.60913,748,52.36063968072976
1496.3429,622.0287,749,52.4306405359179
1493.765,621.4644,750,52.50064139110604
1490.9711,621.7814,751,52.570642246294184
1488.3351,621.8491,752,52.640643101482326
1486.0162,621.47894,753,52.71064395667047
1483.5387,622.08795,754,52.78064481185861
1480.4401,622.56683,755,52.850645667046756
1478.1865,622.2285,756,52.9206465222349
1475.5852,622.03564,757,52.99064737742304
1473.054,621.7969,758,53.06064823261118
1470.2396,622.12286,759,53.13064908779932
1468.0972,622.0252,760,53.20064994298746
1465.6141,621.7704,761,53.2706507981756
1462.8835,622.06573,762,53.34065165336374
1460.2975,622.11316,763,53.410652508551884
1457.7312,621.91425,764,53.480653363740025
1455.4218,622.3075,765,53.550654218928166
1452.2249,622.34705,766,53.62065507411631
1449.8556,621.76086,767,53.69065592930445
1447.4525,622.0723,768,53.76065678449259
1444.4843,622.23755,769,53.83065763968073
1442.1698,622.1446,770,53.90065849486887
1439.7162,622.1981,771,53.97065935005701
1436.9934,622.25574,772,54.04066020524515
1434.4296,622.0654,773,54.110661060433294
1431.8424,622.12683,774,54.18066191562144
1429.0111,622.5126,775,54.25066277080958
1426.3617,622.5107,776,54.320663625997724
1423.8243,622.3739,777,54.390664481185865
1421.6667,622.5495,778,54.46066533637401
1418.5479,622.10754,779,54.53066619156215
1416.2296,622.463,780,54.60066704675029
1413.5154,622.49725,781,54.67066790193843
1410.6498,622.0083,782,54.74066875712657
1408.086,622.5472,783,54.81066961231471
1405.508,622.24365,784,54.88067046750285
1402.6829,621.9991,785,54.950671322690994
1400.3053,622.438,786,55.020672177879135
1397.7834,622.4898,787,55.090673033067276
1394.7905,622.547,788,55.16067388825542
1392.1979,622.407,789,55.23067474344356
1389.5735,622.0754,790,55.3006755986317
1386.3533,622.4172,791,55.37067645381984
1384.1074,622.75134,792,55.44067730900798
1381.7957,622.0142,793,55.51067816419612
1379.5956,621.82886,794,55.58067901938427
1376.4813,622.1997,795,55.65067987457241
1373.9614,622.04346,796,55.72068072976055
1370.9003,622.44025,797,55.79068158494869
1368.1199,622.3442,798,55.860682440136834
1365.7494,621.7993,799,55.930683295324975
1362.5686,621.7053,800,56.000684150513116
1360.1001,621.7721,801,56.07068500570126
1357.9012,621.9433,802,56.1406858608894
1355.1582,622.0088,803,56.21068671607754
1352.1449,621.9466,804,56.28068757126568
1349.3639,622.33075,805,56.35068842645382
1346.5889,621.8579,806,56.42068928164196
1344.1398,621.58124,807,56.4906901368301
1341.4773,621.621,808,56.560690992018245
1338.6719,621.91986,809,56.630691847206386
1336.0553,621.5211,810,56.70069270239453
1333.6138,621.79156,811,56.77069355758267
1330.3073,621.90234,812,56.84069441277081
1327.7819,621.6345,813,56.91069526795895
1325.3312,621.65436,814,56.9806961231471
1322.9308,621.6198,815,57.05069697833524
1320.0563,621.33484,816,57.12069783352338
1317.7125,621.5852,817,57.19069868871152
1314.8035,621.84937,818,57.26069954389966
1311.9357,621.57196,819,57.3307003990878
1309.0354,621.72375,820,57.400701254275944
1306.1741,621.46826,821,57.470702109464085
1303.89,621.6345,822,57.540702964652226
1301.4109,621.67303,823,57.61070381984037
1298.2717,621.4623,824,57.68070467502851
1295.8358,621.67737,825,57.75070553021665
1293.2616,621.7913,826,57.82070638540479
1290.2578,621.52686,827,57.89070724059293
1287.6521,621.61206,828,57.96070809578107
1285.1956,621.37085,829,58.03070895096921
1282.2922,621.4823,830,58.100709806157354
1279.5668,621.31476,831,58.170710661345495
1276.5049,621.37976,832,58.240711516533636
1273.9387,621.1301,833,58.310712371721785
1271.446,621.1081,834,58.380713226909926
1268.6241,621.3207,835,58.45071408209807
1265.8374,621.1421,836,58.52071493728621
1263.513,621.40753,837,58.59071579247435
1260.3591,621.5469,838,58.66071664766249
1257.6683,621.43097,839,58.73071750285063
1255.0076,621.49335,840,58.80071835803877
1252.1818,621.41254,841,58.87071921322691
1249.5764,621.21826,842,58.940720068415054
1247.2053,621.11957,843,59.010720923603195
1244.1088,621.3106,844,59.080721778791336
1241.6198,621.1699,845,59.15072263397948
1238.8732,621.4981,846,59.22072348916762
1236.2671,621.50275,847,59.29072434435576
1233.252,621.1978,848,59.3607251995439
1230.3878,621.4067,849,59.43072605473204
1228.0962,621.1719,850,59.50072690992018
1225.5264,621.2639,851,59.57072776510832
1222.3169,621.3065,852,59.640728620296464
1219.9584,621.2707,853,59.71072947548461
1217.2053,621.26697,854,59.78073033067275
1553.9965,654.9971,866,60.620740592930446
1551.6516,655.10345,867,60.69074144811859
1549.2903,655.02716,868,60.76074230330673
1546.7213,655.10925,869,60.83074315849487
1544.2667,655.36914,870,60.90074401368301
1541.7646,655.72626,871,60.97074486887115
1539.5225,655.3773,872,61.0407457240593
1536.6841,655.2806,873,61.11074657924744
1534.2502,655.8319,874,61.18074743443558
1531.9225,656.1046,875,61.25074828962372
1529.2085,655.66406,876,61.32074914481186
1526.6885,655.6849,877,61.390750000000004
1523.9973,655.834,878,61.460750855188145
1521.4794,656.1486,879,61.530751710376286
1518.4924,656.0251,880,61.60075256556443
1516.0652,656.1426,881,61.67075342075257
1513.4432,656.2424,882,61.74075427594071
1510.2477,656.5404,883,61.81075513112885
1508.3053,656.50964,884,61.88075598631699
1506.0527,656.6373,885,61.95075684150513
1503.3646,656.4355,886,62.02075769669327
1500.8151,656.12103,887,62.090758551881414
1498.273,656.243,888,62.160759407069555
1496.0844,656.00916,889,62.2307602622577
1493.5713,656.2932,890,62.30076111744584
1490.7126,656.4928,891,62.37076197263398
1488.1282,656.39453,892,62.44076282782213
1485.5186,656.5458,893,62.51076368301027
1483.0356,656.33984,894,62.58076453819841
1480.1599,656.33966,895,62.65076539338655
1477.9451,655.82666,896,62.72076624857469
1475.426,655.7968,897,62.79076710376283
1472.4583,656.6609,898,62.86076795895097
1470.0688,656.42566,899,62.930768814139114
1467.3506,656.54803,900,63.000769669327255
1464.5277,656.4115,901,63.070770524515396
1461.9956,656.833,902,63.14077137970354
1459.5656,656.827,903,63.21077223489168
1457.2736,656.52765,904,63.28077309007982
1454.1792,656.80426,905,63.35077394526796
1451.6746,656.6133,906,63.4207748004561
1448.8502,656.74255,907,63.49077565564424
1446.3234,656.5761,908,63.56077651083238
1443.7163,656.74585,909,63.630777366020524
1441.36,656.54297,910,63.700778221208665
1438.3958,656.6296,911,63.770779076396806
1436.011,656.67896,912,63.840779931584954
1433.4241,656.5383,913,63.910780786773095
1430.4551,656.5889,914,63.98078164196124
1427.9355,656.4064,915,64.05078249714937
1425.5488,656.5057,916,64.12078335233751
1422.7517,656.4658,917,64.19078420752565
1420.3203,656.62787,918,64.2607850627138
1417.8944,656.5867,919,64.33078591790193
1414.8993,656.38586,920,64.40078677309008
1412.3019,656.6328,921,64.47078762827823
1409.8334,656.6853,922,64.54078848346637
1406.9315,656.6335,923,64.61078933865451
1404.1757,656.6309,924,64.68079019384265
1401.5823,656.6049,925,64.7507910490308
1399.1478,656.6612,926,64.82079190421894
1395.9661,656.6956,927,64.89079275940708
1393.5294,656.5936,928,64.96079361459522
1391.0348,656.28986,929,65.03079446978336
1388.0796,656.5697,930,65.1007953249715
1385.7922,656.5733,931,65.17079618015964
1383.255,656.55896,932,65.24079703534778
1380.395,656.4162,933,65.31079789053592
1377.8005,656.1335,934,65.38079874572406
1375.3955,656.64703,935,65.4507996009122
1372.2867,656.54895,936,65.52080045610035
1369.8121,656.4198,937,65.59080131128849
1366.733,656.3663,938,65.66080216647663
1364.6077,656.84216,939,65.73080302166477
1361.974,656.4425,940,65.80080387685291
1358.5856,656.6096,941,65.87080473204105
1356.276,656.5847,942,65.94080558722919
1353.8267,656.66156,943,66.01080644241733
1351.126,656.7292,944,66.08080729760547
1348.4033,656.65784,945,66.15080815279362
1345.8628,656.9152,946,66.22080900798176
1342.7675,656.794,947,66.2908098631699
1340.209,656.7778,948,66.36081071835804
1337.7054,656.7429,949,66.43081157354618
1334.7911,656.64325,950,66.50081242873432
1332.2639,656.9038,951,66.57081328392246
1329.6312,656.67377,952,66.6408141391106
1326.37,656.78174,953,66.71081499429874
1324.0016,656.8342,954,66.78081584948688
1321.3551,656.9106,955,66.85081670467503
1318.4388,656.8381,956,66.92081755986317
1315.9636,656.7915,957,66.99081841505131
1313.4373,656.95667,958,67.06081927023945
1310.2031,657.0746,959,67.13082012542759
1307.7336,656.65753,960,67.20082098061573
1305.0524,656.7508,961,67.27082183580389
1302.0237,656.8613,962,67.34082269099203
1299.7205,656.8133,963,67.41082354618017
1296.3102,657.1422,964,67.48082440136831
1293.7047,656.99884,965,67.55082525655645
1291.5383,657.02246,966,67.62082611174459
1288.386,657.1237,967,67.69082696693273
1286.126,656.9719,968,67.76082782212087
1283.4963,656.70013,969,67.83082867730901
1280.3829,656.70935,970,67.90082953249716
1278.1322,656.9446,971,67.9708303876853
1275.8014,656.8944,972,68.04083124287344
1273.1715,657.10736,973,68.11083209806158
1269.6082,656.5044,974,68.18083295324972
1267.6515,656.84106,975,68.25083380843786
1264.3933,656.69366,976,68.320834663626
1261.6198,656.85236,977,68.39083551881414
1258.96,656.6552,978,68.46083637400228
1256.0342,656.492,979,68.53083722919042
1253.9075,656.6777,980,68.60083808437857
1250.9983,656.5554,981,68.6708389395667
1248.0621,656.433,982,68.74083979475485
1245.7366,656.5249,983,68.81084064994299
1243.4674,656.6861,984,68.88084150513113
1240.2329,656.76385,985,68.95084236031927
1237.4772,656.4301,986,69.02084321550741
1234.2394,656.80035,987,69.09084407069555
1231.8372,656.74243,988,69.1608449258837
1228.9589,656.35736,989,69.23084578107184
1226.0199,656.5367,990,69.30084663625998
1223.6422,656.7182,991,69.37084749144812
1221.2152,656.54193,992,69.44084834663626
1218.4225,656.33124,993,69.5108492018244
1215.8077,656.5532,994,69.58085005701254
1552.9963,689.0046,1006,70.42086031927025
1550.7423,689.28424,1007,70.49086117445839
1547.8344,689.37506,1008,70.56086202964653
1545.3999,689.28955,1009,70.63086288483467
1543.0527,689.52264,1010,70.70086374002281
1540.5265,689.67505,1011,70.77086459521095
1537.9858,689.42883,1012,70.8408654503991
1535.1699,689.7463,1013,70.91086630558723
1532.864,689.3155,1014,70.98086716077538
1530.2169,689.7344,1015,71.05086801596352
1527.9806,689.4905,1016,71.12086887115166
1524.9509,689.6424,1017,71.1908697263398
1522.531,689.91876,1018,71.26087058152794
1519.9207,689.8382,1019,71.33087143671608
1517.106,689.50024,1020,71.40087229190422
1514.7498,690.0057,1021,71.47087314709236
1512.352,690.194,1022,71.5408740022805
1509.2535,690.50037,1023,71.61087485746864
1506.9106,690.2604,1024,71.68087571265679
1504.5217,690.4081,1025,71.75087656784493
1501.9176,690.5217,1026,71.82087742303307
1499.4617,690.6373,1027,71.89087827822121
1496.5591,690.52094,1028,71.96087913340935
1494.179,690.5997,1029,72.03087998859749
1491.4092,690.67773,1030,72.10088084378563
1488.8569,690.544,1031,72.17088169897377
1486.5701,690.4381,1032,72.24088255416191
1483.4417,690.826,1033,72.31088340935005
1481.0156,690.68695,1034,72.3808842645382
1478.5127,690.84656,1035,72.45088511972634
1475.8354,690.70197,1036,72.52088597491448
1473.4406,690.68475,1037,72.59088683010262
1470.8119,690.6535,1038,72.66088768529076
1468.5277,690.94336,1039,72.73088854047892
1465.6414,691.0394,1040,72.80088939566706
1463.1393,690.9789,1041,72.8708902508552
1460.5481,690.99774,1042,72.94089110604334
1457.9279,690.6636,1043,73.01089196123148
1455.0652,691.0469,1044,73.08089281641962
1452.81,690.9313,1045,73.15089367160776
1450.4178,690.9175,1046,73.2208945267959
1447.4546,691.01654,1047,73.29089538198404
1444.9135,690.8683,1048,73.36089623717218
1442.5148,691.04706,1049,73.43089709236033
1439.6208,691.0295,1050,73.50089794754847
1437.0605,690.7638,1051,73.57089880273661
1434.2566,690.91974,1052,73.64089965792475
1431.2622,690.8763,1053,73.71090051311289
1428.8116,690.64935,1054,73.78090136830103
1425.8423,690.82556,1055,73.85090222348917
1423.28,690.94653,1056,73.92090307867731
1420.6969,690.8968,1057,73.99090393386545
1418.2042,690.8827,1058,74.0609047890536
1415.317,690.8815,1059,74.13090564424174
1413.073,690.98413,1060,74.20090649942988
1410.5475,691.0187,1061,74.27090735461802
1407.5048,690.9338,1062,74.34090820980616
1405.0436,690.898,1063,74.4109090649943
1402.5627,690.8653,1064,74.48090992018244
1399.8491,690.853,1065,74.55091077537058
1396.9634,690.9348,1066,74.62091163055872
1394.532,691.01227,1067,74.69091248574686
1391.434,691.1062,1068,74.760913340935
1389.0865,691.1599,1069,74.83091419612315
1386.7025,690.9578,1070,74.90091505131129
1383.6307,690.73596,1071,74.97091590649943
1381.317,691.23083,1072,75.04091676168757
1378.8231,691.0444,1073,75.11091761687571
1375.7144,690.87146,1074,75.18091847206385
1373.1453,691.2125,1075,75.25091932725199
1370.4265,691.044,1076,75.32092018244013
1367.809,691.0173,1077,75.39092103762827
1365.2302,691.1553,1078,75.46092189281643
1362.505,690.7775,1079,75.53092274800457
1359.4426,690.93506,1080,75.60092360319271
1357.0714,690.97876,1081,75.67092445838085
1354.599,690.97845,1082,75.740925313569
1351.415,690.7741,1083,75.81092616875713
1349.0609,691.07886,1084,75.88092702394528
1346.4382,690.95496,1085,75.95092787913342
1343.6713,690.831,1086,76.02092873432156
1341.2151,690.88104,1087,76.0909295895097
1338.6334,690.93085,1088,76.16093044469784
1335.5419,690.83405,1089,76.23093129988598
1332.8363,690.9725,1090,76.30093215507412
1330.5792,690.91626,1091,76.37093301026226
1327.3088,691.0074,1092,76.4409338654504
1324.6877,690.9693,1093,76.51093472063855
1322.6138,691.0241,1094,76.58093557582669
1319.129,691.14856,1095,76.65093643101483
1316.7516,691.2892,1096,76.72093728620297
1313.9502,691.05365,1097,76.79093814139111
1311.4186,691.04047,1098,76.86093899657925
1309.1647,690.7494,1099,76.93093985176739
1305.779,690.95966,1100,77.00094070695553
1303.0115,690.9998,1101,77.07094156214367
1300.7096,691.03125,1102,77.14094241733181
1297.7112,690.93713,1103,77.21094327251996
1295.0449,691.2279,1104,77.2809441277081
1292.1844,691.2232,1105,77.35094498289624
1289.4922,691.0236,1106,77.42094583808438
1286.9711,691.21063,1107,77.49094669327252
1284.157,691.08624,1108,77.56094754846066
1281.3916,691.29706,1109,77.6309484036488
1278.7831,691.15533,1110,77.70094925883694
1276.5911,691.08167,1111,77.77095011402508
1273.244,691.1781,1112,77.84095096921322
1270.2845,691.34863,1113,77.91095182440137
1267.3859,691.1548,1114,77.9809526795895
1264.8159,691.12836,1115,78.05095353477765
1262.2788,691.22754,1116,78.12095438996579
1259.461,691.07556,1117,78.19095524515394
1256.8021,691.196,1118,78.26095610034209
1254.341,691.1256,1119,78.33095695553023
1251.3466,690.8093,1120,78.40095781071837
1248.8484,691.30145,1121,78.47095866590651
1246.0902,691.11816,1122,78.54095952109465
1243.0316,691.2631,1123,78.61096037628279
1240.5846,691.1592,1124,78.68096123147093
1237.4465,690.87695,1125,78.75096208665907
1234.7831,690.9378,1126,78.82096294184721
1232.2513,691.0893,1127,78.89096379703535
1229.4513,691.11194,1128,78.9609646522235
1227.2206,690.72003,1129,79.03096550741164
1224.5361,691.0302,1130,79.10096636259978
1221.3589,690.93805,1131,79.17096721778792
1218.9719,690.96594,1132,79.24096807297606
1216.2493,690.8233,1133,79.3109689281642
1553.9957,721.99945,1145,80.1509791904219
1551.6924,722.43054,1146,80.22098004561003
1548.8185,722.4024,1147,80.29098090079817
1546.2307,722.9223,1148,80.36098175598632
1543.8479,723.0314,1149,80.43098261117446
1541.678,722.7444,1150,80.5009834663626
1539.1943,722.7641,1151,80.57098432155074
1536.2972,722.9363,1152,80.64098517673888
1533.98,723.4262,1153,80.71098603192702
1531.0656,723.5282,1154,80.78098688711516
1528.4908,723.7128,1155,80.8509877423033
1525.8789,723.5969,1156,80.92098859749146
1523.2063,723.5029,1157,80.9909894526796
1520.8512,723.69183,1158,81.06099030786774
1518.2437,723.5588,1159,81.13099116305588
1515.7445,723.6423,1160,81.20099201824402
1513.0306,723.7593,1161,81.27099287343216
1510.1813,723.93677,1162,81.3409937286203
1507.7913,723.78754,1163,81.41099458380845
1505.1682,723.9657,1164,81.48099543899659
1502.8997,723.6025,1165,81.55099629418473
1500.1454,723.82086,1166,81.62099714937287
1497.5762,723.7673,1167,81.69099800456101
1495.0227,723.7076,1168,81.76099885974915
1492.0067,724.06445,1169,81.83099971493729
1489.639,723.8234,1170,81.90100057012543
1487.043,723.8742,1171,81.97100142531357
1484.0967,724.0584,1172,82.04100228050171
1481.6671,724.0207,1173,82.11100313568986
1479.2148,723.95306,1174,82.181003990878
1476.2716,724.0397,1175,82.25100484606614
1474.303,724.1191,1176,82.32100570125428
1471.5815,724.21246,1177,82.39100655644242
1468.8872,724.1582,1178,82.46100741163056
1466.2847,724.0995,1179,82.5310082668187
1463.3766,724.1642,1180,82.60100912200684
1460.6361,724.19214,1181,82.67100997719498
1458.2709,724.1769,1182,82.74101083238313
1455.9623,724.35583,1183,82.81101168757127
1452.5808,724.3247,1184,82.88101254275941
1450.3939,724.0556,1185,82.95101339794755
1447.977,724.2111,1186,83.02101425313569
1445.3644,724.145,1187,83.09101510832383
1442.4872,724.2769,1188,83.16101596351197
1440.0974,724.09375,1189,83.23101681870011
1437.5411,724.2217,1190,83.30101767388825
1435.0813,724.37177,1191,83.3710185290764
1432.272,724.42523,1192,83.44101938426454
1429.8007,724.41614,1193,83.51102023945268
1427.1718,724.26624,1194,83.58102109464082
1424.32,724.3195,1195,83.65102194982896
1421.6475,724.4832,1196,83.72102280501711
1418.7832,724.3381,1197,83.79102366020525
1416.1437,724.4363,1198,83.8610245153934
1413.5225,724.32404,1199,83.93102537058154
1410.4246,724.6671,1200,84.00102622576968
1407.6963,724.33276,1201,84.07102708095782
1404.989,724.2898,1202,84.14102793614596
1402.608,724.3205,1203,84.2110287913341
1400.0569,724.5129,1204,84.28102964652224
1397.7651,724.3586,1205,84.35103050171038
1394.7291,724.421,1206,84.42103135689852
1392.0381,724.47656,1207,84.49103221208667
1389.7157,724.4424,1208,84.5610330672748
1386.9395,724.3503,1209,84.63103392246295
1384.0408,724.20935,1210,84.70103477765109
1381.3716,724.24524,1211,84.77103563283923
1378.1875,724.49603,1212,84.84103648802737
1376.1235,724.1997,1213,84.91103734321551
1373.3495,724.3807,1214,84.98103819840365
1370.696,724.3308,1215,85.0510390535918
1367.8276,724.43115,1216,85.12103990877993
1365.5111,724.42804,1217,85.19104076396808
1362.5342,724.7611,1218,85.26104161915622
1359.8884,724.32196,1219,85.33104247434436
1357.2316,724.24176,1220,85.4010433295325
1354.5327,724.36237,1221,85.47104418472064
1351.9819,724.3079,1222,85.54104503990878
1349.3997,724.4742,1223,85.61104589509692
1346.5527,724.75903,1224,85.68104675028506
1343.6993,724.7134,1225,85.7510476054732
1341.4242,724.6646,1226,85.82104846066134
1338.3954,725.00134,1227,85.89104931584949
1335.9434,724.4562,1228,85.96105017103763
1332.397,724.5126,1229,86.03105102622577
1330.1615,724.3853,1230,86.10105188141391
1327.5187,724.3888,1231,86.17105273660205
1324.8357,724.3795,1232,86.24105359179019
1322.2902,724.66644,1233,86.31105444697833
1319.5044,724.4075,1234,86.38105530216647
1316.3401,724.73303,1235,86.45105615735463
1313.9583,724.3803,1236,86.52105701254277
1311.8041,724.4188,1237,86.59105786773091
1308.7305,724.46515,1238,86.66105872291905
1305.8761,724.41925,1239,86.73105957810719
1303.2666,724.8167,1240,86.80106043329533
1300.1764,724.60944,1241,86.87106128848347
1297.7654,724.92004,1242,86.94106214367162
1295.0581,724.7117,1243,87.01106299885976
1292.1991,724.68445,1244,87.0810638540479
1289.4647,724.48676,1245,87.15106470923604
1286.7911,724.9381,1246,87.22106556442418
1283.9342,724.9162,1247,87.29106641961232
1281.2148,724.41046,1248,87.36106727480046
1278.5172,724.4831,1249,87.4310681299886
1276.1987,725.3322,1250,87.50106898517674
1273.5762,724.7145,1251,87.57106984036488
1270.8397,724.57245,1252,87.64107069555303
1267.7921,724.5793,1253,87.71107155074117
1264.7478,724.87683,1254,87.78107240592931
1262.2227,724.4697,1255,87.85107326111745
1259.9614,724.3503,1256,87.92107411630559
1256.9392,724.9184,1257,87.99107497149373
1254.3069,724.93274,1258,88.06107582668187
1251.6262,724.46045,1259,88.13107668187001
1248.4728,725.13586,1260,88.20107753705815
1245.8936,724.70514,1261,88.2710783922463
1243.5082,725.0122,1262,88.34107924743444
1240.8027,724.9604,1263,88.41108010262258
1237.882,724.5671,1264,88.48108095781072
1235.6392,724.6293,1265,88.55108181299886
1232.4832,725.00085,1266,88.621082668187
1229.7161,724.47546,1267,88.69108352337514
1227.239,724.9364,1268,88.76108437856328
1224.2736,724.65436,1269,88.83108523375142
1221.6855,725.0796,1270,88.90108608893956
1218.7422,724.86285,1271,88.9710869441277
1216.5502,724.98535,1272,89.04108779931585
1213.6798,724.39233,1273,89.11108865450399
1555.9951,753.99896,1285,89.9510989167617
1553.1569,754.1722,1286,90.02109977194984
1550.4929,754.5872,1287,90.09110062713798
1548.124,754.63495,1288,90.16110148232612
1545.643,755.2752,1289,90.23110233751426
1542.9019,755.267,1290,90.3011031927024
1540.4011,754.77185,1291,90.37110404789054
1537.9254,755.30585,1292,90.44110490307868
1535.4182,755.19183,1293,90.51110575826682
1532.6993,755.1096,1294,90.58110661345496
1530.0496,755.2755,1295,90.6511074686431
1527.6798,755.557,1296,90.72110832383125
1524.463,755.70154,1297,90.79110917901939
1522.2751,755.69867,1298,90.86111003420753
1519.8094,755.62585,1299,90.93111088939567
1516.82,755.8162,1300,91.00111174458381
1514.607,756.0275,1301,91.07111259977195
1511.8245,755.8566,1302,91.14111345496009
1508.9576,756.2242,1303,91.21111431014823
1506.062,756.0563,1304,91.28111516533637
1503.8746,756.1645,1305,91.35111602052451
1501.0925,756.0719,1306,91.42111687571266
1498.2034,756.2606,1307,91.4911177309008
1496.1932,756.2315,1308,91.56111858608894
1493.2819,756.28296,1309,91.63111944127708
1490.5189,756.5302,1310,91.70112029646522
1488.198,756.4746,1311,91.77112115165336
1485.6313,756.54926,1312,91.8411220068415
1482.5055,756.38794,1313,91.91112286202966
1480.1403,756.3842,1314,91.9811237172178
1477.796,756.4367,1315,92.05112457240594
1474.8713,756.09955,1316,92.12112542759408
1472.1724,755.947,1317,92.19112628278222
1469.8489,756.0391,1318,92.26112713797036
1467.4742,756.13007,1319,92.3311279931585
1464.7518,756.1866,1320,92.40112884834664
1461.903,756.514,1321,92.47112970353479
1459.3319,756.1832,1322,92.54113055872293
1457.097,756.1948,1323,92.61113141391107
1454.1105,756.1668,1324,92.68113226909921
1451.5875,756.1035,1325,92.75113312428735
1448.5942,756.39325,1326,92.82113397947549
1446.1421,756.34265,1327,92.89113483466363
1443.563,756.2386,1328,92.96113568985177
1440.6814,756.2725,1329,93.03113654503991
1438.1271,756.27747,1330,93.10113740022805
1435.7334,756.26776,1331,93.1711382554162
1432.8103,756.07623,1332,93.24113911060434
1430.0334,756.3512,1333,93.31113996579248
1428.103,756.2153,1334,93.38114082098062
1425.3214,756.3389,1335,93.45114167616876
1422.3689,756.0571,1336,93.5211425313569
1419.7249,756.2579,1337,93.59114338654504
1417.2717,756.5172,1338,93.66114424173318
1414.1107,756.3023,1339,93.73114509692132
1411.7473,756.369,1340,93.80114595210947
1409.0619,756.9152,1341,93.8711468072976
1406.3563,756.2447,1342,93.94114766248575
1403.7158,756.3048,1343,94.01114851767389
1400.7015,756.309,1344,94.08114937286203
1398.3213,756.3203,1345,94.15115022805017
1395.6655,756.31635,1346,94.22115108323831
1392.6663,756.35767,1347,94.29115193842645
1390.056,756.1749,1348,94.3611527936146
1387.9115,756.4247,1349,94.43115364880273
1384.889,756.42816,1350,94.50115450399088
1382.406,756.57056,1351,94.57115535917902
1379.7526,757.0862,1352,94.64115621436717
1376.8402,757.00305,1353,94.71115706955531
1374.0724,756.6924,1354,94.78115792474345
1371.606,756.87256,1355,94.8511587799316
1368.5085,757.0082,1356,94.92115963511974
1365.8092,757.1334,1357,94.99116049030788
1362.8606,756.6587,1358,95.06116134549602
1359.77,756.93097,1359,95.13116220068416
1357.6019,757.3223,1360,95.2011630558723
1354.6835,757.1184,1361,95.27116391106044
1352.17,756.3832,1362,95.34116476624858
1349.7207,756.7793,1363,95.41116562143672
1347.2477,756.3775,1364,95.48116647662486
1343.9388,756.6579,1365,95.551167331813
1341.1798,756.8639,1366,95.62116818700115
1338.8948,757.08545,1367,95.69116904218929
1336.1055,757.00635,1368,95.76116989737743
1333.7198,756.6355,1369,95.83117075256557
1330.9409,756.92084,1370,95.90117160775371
1328.3472,756.5751,1371,95.97117246294185
1325.825,756.61475,1372,96.04117331812999
1322.934,756.43164,1373,96.11117417331813
1320.1886,756.81586,1374,96.18117502850627
1317.7871,756.9007,1375,96.25117588369442
1315.2085,756.5689,1376,96.32117673888256
1311.881,756.34814,1377,96.3911775940707
1309.6702,756.84576,1378,96.46117844925884
1306.4485,757.0289,1379,96.53117930444698
1303.9966,756.8021,1380,96.60118015963512
1300.8757,756.96216,1381,96.67118101482326
1298.198,756.76636,1382,96.7411818700114
1295.7008,756.8231,1383,96.81118272519954
1293.1827,756.7642,1384,96.88118358038768
1290.1891,756.9067,1385,96.95118443557583
1287.8883,757.0767,1386,97.02118529076397
1284.8701,756.7267,1387,97.09118614595211
1281.9314,756.9706,1388,97.16118700114025
1278.8632,757.1619,1389,97.23118785632839
1276.5936,757.12024,1390,97.30118871151653
1273.904,756.86414,1391,97.37118956670467
1270.9376,756.5786,1392,97.44119042189283
1268.3528,756.44147,1393,97.51119127708097
1265.6243,756.5157,1394,97.58119213226911
1262.5776,757.0941,1395,97.65119298745725
1260.2506,756.4909,1396,97.72119384264539
1257.7395,757.0457,1397,97.79119469783353
1254.763,757.3865,1398,97.86119555302167
1252.0286,756.7896,1399,97.93119640820981
1248.9636,757.00507,1400,98.00119726339796
1246.0981,756.7835,1401,98.0711981185861
1244.1877,756.70807,1402,98.14119897377424
1241.4979,756.74,1403,98.21119982896238
1238.6335,757.05804,1404,98.28120068415052
1235.7775,757.2704,1405,98.35120153933866
1232.892,757.1816,1406,98.4212023945268
1230.1171,756.9603,1407,98.49120324971494
1227.8341,757.53674,1408,98.56120410490308
1224.5757,757.0062,1409,98.63120496009122
1221.9553,756.4527,1410,98.70120581527937
1219.6903,757.2309,1411,98.7712066704675
1217.2825,757.3618,1412,98.84120752565565
1214.3817,757.1474,1413,98.91120838084379
1211.7164,757.2427,1414,98.98120923603193
1553.998,786.9989,1426,99.82121949828962
1551.0006,787.3439,1427,99.89122035347776
1548.6742,787.3385,1428,99.9612212086659
1545.9402,787.3763,1429,100.03122206385405
1543.682,787.41486,1430,100.10122291904219
1541.0004,787.5965,1431,100.17122377423034
1538.1425,787.4106,1432,100.24122462941848
1535.791,787.46545,1433,100.31122548460662
1532.8293,788.18646,1434,100.38122633979476
1530.5399,787.382,1435,100.4512271949829
1527.7543,788.3421,1436,100.52122805017105
1525.457,788.07544,1437,100.59122890535919
1522.4692,788.29663,1438,100.66122976054733
1519.9747,788.34784,1439,100.73123061573547
1517.6724,788.4836,1440,100.80123147092361
1514.488,788.7185,1441,100.87123232611175
1511.997,788.7437,1442,100.94123318129989
1509.5175,788.82495,1443,101.01123403648803
1506.3622,788.7854,1444,101.08123489167617
1504.2263,788.9478,1445,101.15123574686432
1501.7205,788.90936,1446,101.22123660205246
1498.8966,788.8176,1447,101.2912374572406
1495.8466,788.812,1448,101.36123831242874
1493.5997,788.87036,1449,101.43123916761688
1490.4485,788.80646,1450,101.50124002280502
1487.9185,788.7403,1451,101.57124087799316
1485.8341,788.881,1452,101.6412417331813
1482.8452,788.72833,1453,101.71124258836944
1480.1602,788.752,1454,101.78124344355759
1477.9305,788.9769,1455,101.85124429874573
1475.5023,788.7438,1456,101.92124515393387
1472.3201,788.8661,1457,101.99124600912201
1470.0056,788.7769,1458,102.06124686431015
1467.5352,788.8862,1459,102.13124771949829
1464.6628,788.9271,1460,102.20124857468643
1462.2126,789.23926,1461,102.27124942987457
1459.2959,789.0326,1462,102.34125028506271
1456.6627,789.246,1463,102.41125114025085
1454.0618,789.12006,1464,102.481251995439
1451.2592,789.25275,1465,102.55125285062714
1448.9263,789.0848,1466,102.62125370581528
1445.9846,789.36304,1467,102.69125456100342
1443.7554,789.3533,1468,102.76125541619156
1441.0593,789.51715,1469,102.8312562713797
1438.1857,789.3484,1470,102.90125712656786
1435.3436,789.42566,1471,102.971257981756
1432.7372,789.3756,1472,103.04125883694414
1430.1732,789.2545,1473,103.11125969213228
1426.8512,789.3699,1474,103.18126054732042
1424.6986,789.3351,1475,103.25126140250856
1421.8722,789.3252,1476,103.3212622576967
1419.2017,789.3719,1477,103.39126311288484
1416.739,789.2584,1478,103.46126396807298
1414.2184,789.65955,1479,103.53126482326113
1411.9828,789.7857,1480,103.60126567844927
1409.512,789.6307,1481,103.67126653363741
1406.3496,789.7962,1482,103.74126738882555
1403.7589,789.62744,1483,103.81126824401369
1401.1229,789.3284,1484,103.88126909920183
1398.0967,789.3995,1485,103.95126995438997
1395.4381,789.4874,1486,104.02127080957811
1392.5544,789.3671,1487,104.09127166476625
1389.8279,789.1899,1488,104.1612725199544
1386.8462,789.26825,1489,104.23127337514254
1384.3531,789.3085,1490,104.30127423033068
1381.5519,789.4935,1491,104.37127508551882
1378.9763,789.5876,1492,104.44127594070696
1376.3018,789.3632,1493,104.5112767958951
1373.7144,789.57385,1494,104.58127765108324
1370.8008,789.4029,1495,104.65127850627138
1368.3572,789.7102,1496,104.72127936145952
1365.7612,789.81146,1497,104.79128021664766
1362.9897,789.56726,1498,104.8612810718358
1360.3469,789.47986,1499,104.93128192702395
1357.5825,789.4111,1500,105.00128278221209
1355.0259,789.4428,1501,105.07128363740023
1352.2491,789.53656,1502,105.14128449258837
1349.6222,789.83496,1503,105.21128534777651
1346.4653,789.24915,1504,105.28128620296465
1344.0726,789.35333,1505,105.35128705815279
1341.5577,789.32135,1506,105.42128791334093
1338.3297,789.4626,1507,105.49128876852907
1335.9229,789.4088,1508,105.56128962371722
1332.7119,789.9956,1509,105.63129047890537
1330.226,789.4721,1510,105.70129133409351
1327.9098,789.9139,1511,105.77129218928165
1324.6338,789.17975,1512,105.8412930444698
1322.214,789.3958,1513,105.91129389965793
1319.6417,789.32996,1514,105.98129475484608
1316.715,789.43774,1515,106.05129561003422
1314.2197,789.34204,1516,106.12129646522236
1311.5636,789.59564,1517,106.1912973204105
1308.196,789.6595,1518,106.26129817559864
1305.9222,789.5642,1519,106.33129903078678
1303.1287,789.48627,1520,106.40129988597492
1300.2723,789.4881,1521,106.47130074116306
1298.2926,789.6273,1522,106.5413015963512
1295.5964,790.0199,1523,106.61130245153934
1292.2913,789.5415,1524,106.68130330672749
1289.9502,789.8877,1525,106.75130416191563
1287.119,789.4771,1526,106.82130501710377
1284.0927,789.3551,1527,106.89130587229191
1281.622,789.50775,1528,106.96130672748005
1278.4679,789.7685,1529,107.03130758266819
1276.1567,789.5729,1530,107.10130843785633
1273.5074,789.9452,1531,107.17130929304447
1270.1726,789.4847,1532,107.24131014823261
1267.7557,789.48804,1533,107.31131100342076
1264.4791,789.3951,1534,107.3813118586089
1262.1938,789.3318,1535,107.45131271379704
1259.0228,789.4518,1536,107.52131356898518
1256.3368,789.669,1537,107.59131442417332
1253.7599,789.9592,1538,107.66131527936146
1250.4553,789.80365,1539,107.7313161345496
1248.6273,790.0423,1540,107.80131698973774
1245.7422,790.0737,1541,107.87131784492588
1243.0504,789.8614,1542,107.94131870011402
1240.0662,790.1543,1543,108.01131955530217
1237.7488,789.37775,1544,108.0813204104903
1235.6438,789.7897,1545,108.15132126567845
1232.3048,790.0801,1546,108.22132212086659
1229.422,789.4146,1547,108.29132297605473
1226.4403,789.78656,1548,108.36132383124288
1223.8074,789.76935,1549,108.43132468643103
1220.8429,789.47974,1550,108.50132554161917
1218.1339,789.7589,1551,108.57132639680731
1215.982,789.8967,1552,108.64132725199545
1213.563,790.3608,1553,108.71132810718359
1554.9987,819.001,1565,109.55133836944128
1552.7461,819.239,1566,109.62133922462942
1549.8278,819.3536,1567,109.69134007981756
1546.9283,819.5909,1568,109.7613409350057
1544.6979,819.9189,1569,109.83134179019385
1541.609,819.63403,1570,109.90134264538199
1539.392,819.6479,1571,109.97134350057013
1537.149,820.2418,1572,110.04134435575827
1534.546,820.4217,1573,110.11134521094641
1531.6008,820.34265,1574,110.18134606613455
1528.8419,820.6777,1575,110.25134692132269
1526.4633,820.66376,1576,110.32134777651083
1523.9235,820.6394,1577,110.39134863169897
1520.9202,820.87274,1578,110.46134948688712
1518.7279,820.8299,1579,110.53135034207526
1515.4183,820.9354,1580,110.6013511972634
1513.2397,820.6947,1581,110.67135205245154
1510.787,820.75104,1582,110.74135290763968
1507.7814,820.91376,1583,110.81135376282782
1504.9355,820.818,1584,110.88135461801596
1502.6829,820.8191,1585,110.9513554732041
1500.2026,821.27374,1586,111.02135632839224
1497.1827,821.12476,1587,111.09135718358039
1494.8125,820.6724,1588,111.16135803876854
1491.4932,821.31287,1589,111.23135889395668
1489.1364,821.2647,1590,111.30135974914482
1486.7349,820.8678,1591,111.37136060433296
1483.6285,820.99567,1592,111.4413614595211
1481.1431,820.95123,1593,111.51136231470925
1478.9928,821.2258,1594,111.58136316989739
1476.4047,821.2691,1595,111.65136402508553
1473.4733,821.0558,1596,111.72136488027367
1470.5826,820.98566,1597,111.79136573546181
1467.8136,821.03436,1598,111.86136659064995
1465.1869,821.12787,1599,111.93136744583809
1462.6298,820.9895,1600,112.00136830102623
1460.0577,821.29846,1601,112.07136915621437
1457.1501,821.00525,1602,112.14137001140251
1454.8684,821.19055,1603,112.21137086659066
1452.5992,820.97107,1604,112.2813717217788
1449.3208,821.1484,1605,112.35137257696694
1446.7795,821.15125,1606,112.42137343215508
1444.2964,821.3977,1607,112.49137428734322
1441.4008,821.0181,1608,112.56137514253136
1439.0205,821.14246,1609,112.6313759977195
1436.53,821.53107,1610,112.70137685290764
1433.4117,821.1312,1611,112.77137770809578
1430.8351,821.6183,1612,112.84137856328393
1427.7698,821.5438,1613,112.91137941847207
1425.2339,821.342,1614,112.9813802736602
1422.7909,821.399,1615,113.05138112884835
1420.0839,821.55585,1616,113.12138198403649
1416.9652,821.19086,1617,113.19138283922463
1414.9729,821.39984,1618,113.26138369441277
1412.0728,821.2599,1619,113.33138454960091
1409.3108,822.03644,1620,113.40138540478905
1406.977,821.5829,1621,113.4713862599772
1404.4703,821.421,1622,113.54138711516534
1401.0461,821.4084,1623,113.61138797035348
1398.5073,821.4063,1624,113.68138882554162
1395.2267,821.3565,1625,113.75138968072976
1392.7919,821.8781,1626,113.8213905359179
1390.4633,821.826,1627,113.89139139110605
1387.4447,821.5203,1628,113.9613922462942
1384.9415,821.82947,1629,114.03139310148234
1382.5275,821.88434,1630,114.10139395667048
1379.8511,821.7827,1631,114.17139481185862
1376.9683,821.5483,1632,114.24139566704676
1374.3496,821.53455,1633,114.3113965222349
1371.4535,821.5447,1634,114.38139737742304
1368.628,821.37317,1635,114.45139823261118
1366.2719,821.95306,1636,114.52139908779932
1363.4148,821.4464,1637,114.59139994298747
1360.8661,821.63983,1638,114.6614007981756
1357.9758,821.56537,1639,114.73140165336375
1355.441,821.41223,1640,114.80140250855189
1352.7753,821.58264,1641,114.87140336374003
1350.0369,821.63293,1642,114.94140421892817
1347.1337,821.1605,1643,115.01140507411631
1344.3628,821.4828,1644,115.08140592930445
1341.9938,821.6186,1645,115.1514067844926
1339.0331,821.49066,1646,115.22140763968073
1336.8036,821.8755,1647,115.29140849486888
1334.0706,821.83185,1648,115.36140935005702
1331.1654,822.3501,1649,115.43141020524516
1328.27,821.7663,1650,115.5014110604333
1325.4562,821.64874,1651,115.57141191562144
1322.9218,822.15594,1652,115.64141277080958
1320.51,821.85297,1653,115.71141362599772
1317.2687,821.73553,1654,115.78141448118586
1314.931,821.6914,1655,115.851415336374
1312.4574,821.7924,1656,115.92141619156214
1309.0779,821.8202,1657,115.99141704675029
1306.5149,821.6268,1658,116.06141790193843
1303.3304,822.11053,1659,116.13141875712657
1300.8447,821.3133,1660,116.20141961231471
1298.0409,822.0158,1661,116.27142046750285
1295.4944,821.29956,1662,116.34142132269099
1292.7631,821.8143,1663,116.41142217787913
1289.8984,821.6955,1664,116.48142303306727
1287.3475,821.8697,1665,116.55142388825541
1284.6538,821.5401,1666,116.62142474344357
1282.5992,822.3573,1667,116.69142559863171
1279.0247,822.1883,1668,116.76142645381985
1276.5382,821.6512,1669,116.83142730900799
1273.249,822.27527,1670,116.90142816419613
1270.6193,821.9501,1671,116.97142901938427
1267.717,821.91864,1672,117.04142987457242
1265.1836,821.5544,1673,117.11143072976056
1262.4086,821.6608,1674,117.1814315849487
1259.5748,821.81366,1675,117.25143244013684
1257.0226,821.8604,1676,117.32143329532498
1254.1958,822.0578,1677,117.39143415051312
1251.7474,822.42035,1678,117.46143500570126
1249.0668,821.74744,1679,117.5314358608894
1246.7577,822.11334,1680,117.60143671607754
1243.5958,821.8054,1681,117.67143757126568
1241.0991,822.0216,1682,117.74143842645383
1237.7544,821.7396,1683,117.81143928164197
1235.4454,822.4408,1684,117.88144013683011
1232.8899,821.7753,1685,117.95144099201825
1229.2273,821.8699,1686,118.02144184720639
1227.0298,822.29645,1687,118.09144270239453
1223.6692,822.38354,1688,118.16144355758267
1221.2816,822.3988,1689,118.23144441277081
1218.8385,822.58295,1690,118.30144526795895
1215.9398,822.65076,1691,118.3714461231471
1213.0848,822.7721,1692,118.44144697833524
1210.7607,822.8299,1693,118.51144783352338
1209.1826,822.87683,1694,118.58144868871152
1208.9003,822.81104,1695,118.65144954389966
1208.57,822.64703,1696,118.7214503990878
1207.8053,822.5712,1697,118.79145125427594
1207.5355,822.76556,1698,118.86145210946408
1207.319,822.7793,1699,118.93145296465222
1207.1888,822.66534,1700,119.00145381984036
1207.056,822.68555,1701,119.0714546750285
1206.8577,822.5146,1702,119.14145553021665
1207.0535,822.563,1703,119.21145638540479
1206.8813,822.71576,1704,119.28145724059293
1206.6147,822.62354,1705,119.35145809578108
1206.8131,822.67377,1706,119.42145895096922
1206.0195,822.20435,1707,119.49145980615737
1206.2637,822.2383,1708,119.5614606613455
1205.7616,822.13635,1709,119.63146151653365
1205.4126,822.324,1710,119.70146237172179
1205.2673,822.1878,1711,119.77146322690993
1205.3512,822.1865,1712,119.84146408209807
1205.4438,822.2568,1713,119.91146493728621
1205.2756,822.4381,1714,119.98146579247435
1204.9816,822.0914,1715,120.0514666476625
1205.1986,821.86597,1716,120.12146750285063
1205.4,822.4084,1717,120.19146835803878
1205.1476,822.6138,1718,120.26146921322692
1205.2814,821.4449,1719,120.33147006841506
1204.9901,822.0251,1720,120.4014709236032
1205.1261,822.12317,1721,120.47147177879134
1204.7587,822.48364,1722,120.54147263397948
1205.1594,822.63837,1723,120.61147348916762
1204.8186,822.4974,1724,120.68147434435576
1204.6436,822.231,1725,120.7514751995439
1204.7694,822.6545,1726,120.82147605473205
1204.5736,822.60895,1727,120.89147690992019
1204.7161,822.3247,1728,120.96147776510833
1204.5914,822.5719,1729,121.03147862029647
1204.3734,822.2237,1730,121.10147947548461
1204.7749,822.0888,1731,121.17148033067275
1203.4753,822.6219,1732,121.24148118586089
1203.9001,822.3742,1733,121.31148204104903
1204.5153,822.51556,1734,121.38148289623717
1203.9601,822.8389,1735,121.45148375142531
1204.2738,822.5145,1736,121.52148460661346
1203.504,822.3927,1737,121.5914854618016
1204.6444,822.6613,1738,121.66148631698974
1204.2692,822.5853,1739,121.73148717217788
1203.453,822.6292,1740,121.80148802736602
1204.397,822.6815,1741,121.87148888255416
1204.0305,822.62665,1742,121.9414897377423
1204.1423,822.8018,1743,122.01149059293044
1203.9135,822.87427,1744,122.0814914481186
1204.0549,822.8429,1745,122.15149230330674
1203.5165,822.6412,1746,122.22149315849488
1203.9453,822.54486,1747,122.29149401368302
1203.9385,822.6142,1748,122.36149486887116
1203.7366,822.2696,1749,122.4314957240593
1203.6306,822.5609,1750,122.50149657924744
1203.7129,822.5316,1751,122.57149743443559
1203.3706,822.7421,1752,122.64149828962373
1203.7137,822.67523,1753,122.71149914481187
