X,Y,t_0_video
1838.99755859375,394.9964294433594,0.0
1839.8431396484375,394.3111267089844,0.0
1840.790283203125,393.6634826660156,0.0
1841.222412109375,392.99200439453125,0.0
1842.2025146484375,392.7358093261719,0.0
1842.7440185546875,392.5977478027344,0.0
1842.9725341796875,391.4651794433594,0.0
1813.32666015625,393.1141662597656,0.0
1794.8760986328125,393.8184509277344,0.0
1787.12744140625,394.254638671875,0.0
1785.2276611328125,394.40740966796875,0.0
1784.6617431640625,394.30999755859375,0.0
1784.4654541015625,393.9911193847656,0.0
1784.3951416015625,393.9765625,0.0
1784.25634765625,393.8750305175781,0.0
1784.0433349609375,393.614013671875,0.0
1783.772216796875,393.4930114746094,0.0
1783.7982177734375,393.3199462890625,0.0
1784.1153564453125,393.3243103027344,0.0
1783.98095703125,393.26898193359375,0.0
1783.6385498046875,393.26214599609375,0.0
1784.0570068359375,393.31414794921875,0.0
1756.3096923828125,394.6549377441406,0.0
1739.07763671875,394.9832763671875,0.0
1731.0064697265625,394.9791259765625,0.0
1728.623046875,395.1639709472656,0.0
1727.41650390625,395.1866760253906,0.0
1727.047607421875,395.12115478515625,0.0
1726.73388671875,395.16766357421875,0.0
1726.8802490234375,395.128662109375,0.0
1726.720947265625,395.2320251464844,0.0
1726.5498046875,395.10369873046875,0.0
1726.10791015625,395.0086364746094,0.0
1725.9161376953125,395.1007995605469,0.0
1725.8685302734375,394.87847900390625,0.0
1726.2381591796875,394.9721984863281,0.0
1726.0272216796875,394.9332275390625,0.0
1720.7044677734375,395.55133056640625,0.0
1690.0,397.0,0.0
1675.109130859375,396.9598693847656,0.0
1672.550048828125,397.1882629394531,0.0
1671.3525390625,397.0786437988281,0.0
1670.778076171875,396.9938049316406,0.0
1669.7464599609375,396.8921203613281,0.0
1670.109130859375,397.0055236816406,0.0
1669.873291015625,397.00299072265625,0.0
1669.515869140625,396.900146484375,0.0
1669.21484375,396.75628662109375,0.0
1669.3447265625,396.7463073730469,0.0
1669.0750732421875,396.8792724609375,0.0
1669.0628662109375,396.9100646972656,0.0
1668.968994140625,396.7821350097656,0.0
1663.9351806640625,396.992919921875,0.0
1633.0,399.0,0.0
1619.7579345703125,398.9410095214844,0.0
1616.5673828125,399.0145263671875,0.0
1615.232177734375,398.90679931640625,0.0
1614.610595703125,398.9798583984375,0.0
1614.2596435546875,398.97552490234375,0.0
1613.745361328125,399.11505126953125,0.0
1613.309814453125,399.05279541015625,0.0
1613.1248779296875,399.03045654296875,0.0
1612.848388671875,398.9792175292969,0.0
1612.8902587890625,399.02239990234375,0.0
1612.68896484375,398.9777526855469,0.0
1612.535888671875,398.8968200683594,0.0
1612.613525390625,399.0113525390625,0.0
1607.148193359375,399.080810546875,0.0
1577.0,401.0,0.0
1564.681884765625,400.7659912109375,0.0
1560.9830322265625,400.88018798828125,0.0
1559.5926513671875,400.801025390625,0.0
1558.75927734375,400.8804016113281,0.0
1558.2249755859375,400.81927490234375,0.0
1557.48193359375,400.7297058105469,0.0
1557.271484375,400.7350158691406,0.0
1556.917236328125,400.7021179199219,0.0
1556.762451171875,400.7714538574219,0.0
1556.61572265625,400.79608154296875,0.0
1556.1195068359375,400.7107238769531,0.0
1555.929931640625,400.8516845703125,0.0
1555.780029296875,400.8232727050781,0.0
1551.28759765625,401.0328369140625,0.0
1521.0,402.0,0.0
1509.2362060546875,402.7131652832031,0.0
1505.1314697265625,402.74041748046875,0.0
1503.3577880859375,402.6190185546875,0.0
1502.6937255859375,402.65350341796875,0.0
1502.1868896484375,402.7539978027344,0.0
1501.32080078125,402.62445068359375,0.0
1500.8265380859375,402.72039794921875,0.0
1500.7608642578125,402.5567626953125,0.0
1500.6456298828125,402.8191833496094,0.0
1500.3212890625,402.7430419921875,0.0
1499.8614501953125,402.5379333496094,0.0
1499.623779296875,402.6606750488281,0.0
1499.4251708984375,402.6463317871094,0.0
1495.5589599609375,402.90301513671875,0.0
1465.740234375,403.3132629394531,0.0
1453.973876953125,403.63800048828125,0.0
1450.132568359375,403.73297119140625,0.0
1448.3807373046875,403.5105285644531,0.0
1446.8673095703125,404.2107849121094,0.0
1446.56640625,403.886474609375,0.0
1445.4329833984375,403.87091064453125,0.0
1445.034912109375,404.0684509277344,0.0
1444.9366455078125,404.2665710449219,0.0
1444.65380859375,404.2478332519531,0.0
1444.12890625,404.09429931640625,0.0
1444.060302734375,404.11297607421875,0.0
1443.55712890625,404.0632019042969,0.0
1443.2794189453125,404.0921630859375,0.0
1440.598876953125,404.53326416015625,0.0
1410.8438720703125,405.3570556640625,0.0
1398.617919921875,406.5129699707031,0.0
1394.0174560546875,405.9544372558594,0.0
1391.819091796875,405.496337890625,0.0
1390.97265625,405.7759094238281,0.0
1390.2958984375,405.44500732421875,0.0
1389.354736328125,405.75372314453125,0.0
1389.1768798828125,406.26068115234375,0.0
1388.7008056640625,405.885498046875,0.0
1388.59765625,406.2623291015625,0.0
1388.1519775390625,406.3379821777344,0.0
1387.682373046875,406.2401123046875,0.0
1387.268310546875,406.28118896484375,0.0
1387.23876953125,406.0024108886719,0.0
1384.7003173828125,406.26763916015625,0.0
1356.559326171875,407.10675048828125,0.0
1343.3006591796875,407.33612060546875,0.0
1338.64892578125,407.3656921386719,0.0
1336.751708984375,407.4532470703125,0.0
1335.290771484375,407.5971984863281,0.0
1334.8236083984375,407.70770263671875,0.0
1334.0433349609375,407.40045166015625,0.0
1333.4482421875,407.4645690917969,0.0
1333.1136474609375,407.48492431640625,0.0
1332.943603515625,407.4942932128906,0.0
1332.750244140625,407.49090576171875,0.0
1332.52197265625,407.494873046875,0.0
1332.1827392578125,407.6348876953125,0.0
1331.5653076171875,407.7071228027344,0.0
1833.997802734375,442.00079345703125,10.0
1834.6885986328125,442.1053771972656,10.0
1835.724365234375,441.95831298828125,10.0
1836.26953125,442.03521728515625,10.0
1836.817626953125,442.16558837890625,10.0
1837.55029296875,442.04803466796875,10.0
1837.8223876953125,442.21429443359375,10.0
1836.364990234375,442.22869873046875,10.0
1807.0,444.0,10.0
1786.380859375,445.07196044921875,10.0
1781.961669921875,445.3125915527344,10.0
1780.7034912109375,445.534423828125,10.0
1780.3572998046875,445.5851135253906,10.0
1780.093017578125,445.6385498046875,10.0
1779.91943359375,445.7823486328125,10.0
1779.8046875,445.7452087402344,10.0
1779.71728515625,445.82257080078125,10.0
1779.6353759765625,445.84234619140625,10.0
1779.7711181640625,446.01434326171875,10.0
1779.6153564453125,445.82965087890625,10.0
1779.6688232421875,445.88787841796875,10.0
1779.6671142578125,445.9811706542969,10.0
1778.6719970703125,446.05438232421875,10.0
1749.0,447.0,10.0
1731.5157470703125,447.7498779296875,10.0
1726.4429931640625,448.01708984375,10.0
1724.817626953125,447.9594421386719,10.0
1723.85595703125,448.14825439453125,10.0
1723.6160888671875,448.12921142578125,10.0
1723.612548828125,448.16033935546875,10.0
1722.9456787109375,448.1253356933594,10.0
1723.162109375,448.176025390625,10.0
1723.088134765625,448.0989990234375,10.0
1722.798828125,448.2850341796875,10.0
1722.4439697265625,448.2594299316406,10.0
1722.41455078125,448.1911926269531,10.0
1722.3006591796875,448.4002685546875,10.0
1721.9521484375,448.3660888671875,10.0
1692.0,450.0,10.0
1675.7728271484375,450.1691589355469,10.0
1670.3062744140625,450.2603759765625,10.0
1668.43701171875,450.26904296875,10.0
1667.86083984375,450.4563903808594,10.0
1667.21728515625,450.28765869140625,10.0
1667.09033203125,450.5539245605469,10.0
1666.4124755859375,450.3935241699219,10.0
1666.4566650390625,450.6459045410156,10.0
1666.1239013671875,450.51739501953125,10.0
1666.023681640625,450.8782043457031,10.0
1665.9793701171875,450.8748474121094,10.0
1665.8916015625,450.76116943359375,10.0
1665.6285400390625,450.8623962402344,10.0
1665.555419921875,450.900390625,10.0
1636.0,452.0,10.0
1621.08349609375,452.4653015136719,10.0
1614.34228515625,452.4774475097656,10.0
1612.29052734375,452.7857971191406,10.0
1611.6588134765625,452.99835205078125,10.0
1610.6063232421875,452.9375915527344,10.0
1610.2437744140625,452.73077392578125,10.0
1610.075439453125,453.2735900878906,10.0
1609.8828125,453.30035400390625,10.0
1609.69970703125,453.4028015136719,10.0
1609.43310546875,453.156005859375,10.0
1609.178466796875,453.1484375,10.0
1609.1240234375,453.3865966796875,10.0
1608.642333984375,453.490966796875,10.0
1608.55322265625,453.5838317871094,10.0
1583.57958984375,454.1471862792969,10.0
1566.22607421875,454.4820861816406,10.0
1559.849365234375,454.5753479003906,10.0
1557.57861328125,454.969970703125,10.0
1556.3385009765625,454.9949951171875,10.0
1555.7413330078125,455.25506591796875,10.0
1555.13720703125,455.0876159667969,10.0
1554.288818359375,454.6971740722656,10.0
1554.2369384765625,454.82562255859375,10.0
1554.0911865234375,455.0479736328125,10.0
1553.923828125,455.3648681640625,10.0
1553.7354736328125,455.17822265625,10.0
1553.651611328125,455.40484619140625,10.0
1553.2435302734375,455.2789001464844,10.0
1553.2628173828125,455.59521484375,10.0
1528.275390625,456.0564880371094,10.0
1511.7431640625,456.7662353515625,10.0
1504.43701171875,457.5065002441406,10.0
1501.8953857421875,457.5101013183594,10.0
1500.3759765625,457.53509521484375,10.0
1499.709716796875,457.5724792480469,10.0
1499.15771484375,457.60675048828125,10.0
1498.4058837890625,457.61871337890625,10.0
1498.117919921875,457.7862548828125,10.0
1497.845947265625,457.8590393066406,10.0
1497.836181640625,457.8721923828125,10.0
1497.5858154296875,457.7855529785156,10.0
1496.9202880859375,457.7566833496094,10.0
1497.0198974609375,457.7348937988281,10.0
1496.739501953125,457.8205261230469,10.0
1474.039794921875,458.1778869628906,10.0
1456.857666015625,458.2237548828125,10.0
1449.34375,458.3941650390625,10.0
1446.1290283203125,458.45941162109375,10.0
1444.525634765625,458.4412841796875,10.0
1443.87255859375,458.4133605957031,10.0
1443.309814453125,458.4269104003906,10.0
1442.601806640625,458.4013977050781,10.0
1442.0965576171875,458.3397521972656,10.0
1441.9462890625,458.3492126464844,10.0
1441.8348388671875,458.6751708984375,10.0
1441.584228515625,458.3736572265625,10.0
1441.4444580078125,458.4176940917969,10.0
1441.0355224609375,458.4845275878906,10.0
1441.01318359375,458.6149597167969,10.0
1421.8111572265625,459.9721984863281,10.0
1402.1224365234375,460.1836242675781,10.0
1393.807861328125,460.4129333496094,10.0
1390.4688720703125,460.69390869140625,10.0
1389.17236328125,460.4759826660156,10.0
1387.9495849609375,460.37017822265625,10.0
1387.721923828125,460.70721435546875,10.0
1387.096923828125,460.6724548339844,10.0
1386.47412109375,460.7070617675781,10.0
1386.1614990234375,460.8966064453125,10.0
1385.85888671875,460.4365234375,10.0
1385.711669921875,460.7188720703125,10.0
1385.329833984375,460.5033264160156,10.0
1385.506103515625,460.9015197753906,10.0
1385.3375244140625,460.92645263671875,10.0
1370.2041015625,461.6213684082031,10.0
1346.7047119140625,462.3246154785156,10.0
1338.422119140625,462.43121337890625,10.0
1335.5135498046875,462.8331298828125,10.0
1333.6669921875,462.85101318359375,10.0
1332.8568115234375,462.9899597167969,10.0
1332.1329345703125,462.8572082519531,10.0
1331.7335205078125,462.81976318359375,10.0
1330.8271484375,462.48773193359375,10.0
1330.4866943359375,462.8318176269531,10.0
1330.338623046875,463.10491943359375,10.0
1330.132568359375,463.2648010253906,10.0
1329.9229736328125,463.2952880859375,10.0
1329.87548828125,463.1923522949219,10.0
1329.681396484375,463.1751708984375,10.0
1830.001953125,497.0042724609375,20.0
1830.3458251953125,496.973876953125,20.0
1831.23291015625,497.2982177734375,20.0
1831.8011474609375,497.209716796875,20.0
1832.146240234375,497.20721435546875,20.0
1832.5771484375,497.24560546875,20.0
1832.8175048828125,497.4305419921875,20.0
1830.054931640625,497.7777099609375,20.0
1829.7056884765625,497.89129638671875,20.0
1829.217529296875,498.0281066894531,20.0
1828.545654296875,498.1846008300781,20.0
1827.6912841796875,498.3354187011719,20.0
1827.218505859375,498.44696044921875,20.0
1826.7210693359375,498.55810546875,20.0
1826.2218017578125,498.6640930175781,20.0
1825.757080078125,498.7599792480469,20.0
1825.3702392578125,498.8448791503906,20.0
1825.0006103515625,498.9244689941406,20.0
1824.656494140625,498.99774169921875,20.0
1824.3433837890625,499.0644836425781,20.0
1824.0606689453125,499.1253967285156,20.0
1823.7987060546875,499.1814880371094,20.0
1823.558349609375,499.2328796386719,20.0
1838.0421142578125,507.15679931640625,20.0
1828.0723876953125,507.3559875488281,20.0
1825.7178955078125,507.48687744140625,20.0
1824.9539794921875,507.43890380859375,20.0
1824.0506591796875,507.8398132324219,20.0
1823.7542724609375,507.8057861328125,20.0
1823.7288818359375,508.18243408203125,20.0
1823.531005859375,508.4625244140625,20.0
1823.543212890625,508.553466796875,20.0
1823.1771240234375,508.5303955078125,20.0
1822.985107421875,508.2668151855469,20.0
1822.552490234375,508.4573974609375,20.0
1822.4976806640625,508.35498046875,20.0
1822.814208984375,508.5096435546875,20.0
1818.9869384765625,508.6731872558594,20.0
1790.0,510.0,20.0
1773.50927734375,510.35040283203125,20.0
1769.904052734375,510.6890869140625,20.0
1768.438720703125,510.7055969238281,20.0
1767.8470458984375,510.9096374511719,20.0
1767.7022705078125,510.99896240234375,20.0
1767.52587890625,511.0589904785156,20.0
1766.6705322265625,511.04705810546875,20.0
1766.2159423828125,510.96630859375,20.0
1766.4210205078125,511.1460876464844,20.0
1766.3282470703125,510.9690856933594,20.0
1766.108642578125,511.0399475097656,20.0
1766.0638427734375,511.1269226074219,20.0
1765.9185791015625,511.0249938964844,20.0
1762.6082763671875,511.20672607421875,20.0
1734.0,512.0,20.0
1718.1285400390625,512.58447265625,20.0
1714.47802734375,512.838623046875,20.0
1713.387939453125,512.690185546875,20.0
1712.042236328125,512.7521362304688,20.0
1711.73388671875,512.7779541015625,20.0
1711.609375,513.028076171875,20.0
1710.9224853515625,512.8814697265625,20.0
1710.6734619140625,512.8555908203125,20.0
1710.4144287109375,513.0751342773438,20.0
1710.2994384765625,513.0621337890625,20.0
1710.0927734375,513.0532836914062,20.0
1709.9249267578125,513.1283569335938,20.0
1709.80712890625,513.1654663085938,20.0
1707.0751953125,513.4326782226562,20.0
1679.0,515.0,20.0
1663.343017578125,514.90283203125,20.0
1659.0706787109375,514.7080688476562,20.0
1657.6328125,515.10400390625,20.0
1656.2149658203125,515.0172729492188,20.0
1655.7623291015625,515.0457153320312,20.0
1655.5311279296875,514.993408203125,20.0
1655.1090087890625,515.048095703125,20.0
1654.3941650390625,514.986572265625,20.0
1654.34326171875,514.9864501953125,20.0
1654.123779296875,515.1127319335938,20.0
1653.961181640625,515.0896606445312,20.0
1654.0267333984375,515.2322387695312,20.0
1653.86865234375,515.37060546875,20.0
1651.2991943359375,515.4078369140625,20.0
1623.0,517.0,20.0
1608.4893798828125,516.9912719726562,20.0
1604.0345458984375,517.1005859375,20.0
1602.42041015625,517.310302734375,20.0
1601.615966796875,517.2410888671875,20.0
1600.6578369140625,517.154296875,20.0
1599.9871826171875,517.1751098632812,20.0
1599.8292236328125,517.3271484375,20.0
1599.4168701171875,517.3651123046875,20.0
1599.1024169921875,517.490478515625,20.0
1598.739013671875,517.3553466796875,20.0
1598.0784912109375,517.416015625,20.0
1598.2830810546875,517.3148193359375,20.0
1598.2362060546875,517.681884765625,20.0
1596.1263427734375,517.6578369140625,20.0
1568.0,519.0,20.0
1554.0,518.8786010742188,20.0
1548.7154541015625,518.8966064453125,20.0
1546.723388671875,519.0487060546875,20.0
1545.8807373046875,519.2374267578125,20.0
1545.161376953125,519.208984375,20.0
1544.339599609375,519.2528076171875,20.0
1544.11669921875,519.2930908203125,20.0
1543.62841796875,519.3287353515625,20.0
1543.3192138671875,519.3327026367188,20.0
1543.2509765625,519.240966796875,20.0
1542.6668701171875,519.1546020507812,20.0
1542.4344482421875,519.2482299804688,20.0
1542.2921142578125,519.3011474609375,20.0
1540.7811279296875,519.373779296875,20.0
1513.688232421875,520.601806640625,20.0
1498.6082763671875,520.8892822265625,20.0
1493.62353515625,520.8929443359375,20.0
1491.690185546875,521.1552734375,20.0
1490.16650390625,521.1251831054688,20.0
1489.6024169921875,520.9510498046875,20.0
1488.26513671875,521.2037353515625,20.0
1488.3734130859375,521.168701171875,20.0
1487.9000244140625,521.1868286132812,20.0
1487.776123046875,521.2816162109375,20.0
1487.26318359375,521.16015625,20.0
1486.921875,521.3339233398438,20.0
1486.492431640625,521.1494140625,20.0
1486.101318359375,521.1458740234375,20.0
1484.8975830078125,521.3778076171875,20.0
1459.25439453125,522.717529296875,20.0
1443.854248046875,523.01123046875,20.0
1438.3411865234375,523.007080078125,20.0
1436.1278076171875,523.2518310546875,20.0
1434.9166259765625,523.114990234375,20.0
1434.231689453125,523.258056640625,20.0
1433.6435546875,523.3209228515625,20.0
1432.75732421875,523.3510131835938,20.0
1432.493896484375,523.2393798828125,20.0
1432.091552734375,523.3448486328125,20.0
1432.12548828125,523.4122924804688,20.0
1431.9217529296875,523.391357421875,20.0
1431.642822265625,523.3673095703125,20.0
1431.517333984375,523.3223876953125,20.0
1431.7894287109375,523.4685668945312,20.0
1826.0009765625,554.0010375976562,30.0
1826.88916015625,554.2034912109375,30.0
1827.160888671875,554.231201171875,30.0
1827.5494384765625,554.2859497070312,30.0
1827.97802734375,554.3306884765625,30.0
1828.1458740234375,554.4238891601562,30.0
1828.3428955078125,554.9671630859375,30.0
1804.0,556.0,30.0
1780.0,556.0,30.0
1774.5240478515625,556.9268798828125,30.0
1773.501220703125,557.620849609375,30.0
1772.4405517578125,557.3230590820312,30.0
1772.0804443359375,557.4713134765625,30.0
1772.1920166015625,557.7555541992188,30.0
1771.9375,557.7965087890625,30.0
1772.047607421875,557.7073364257812,30.0
1772.1495361328125,557.884521484375,30.0
1771.8990478515625,557.8805541992188,30.0
1771.8597412109375,558.0342407226562,30.0
1771.8880615234375,558.0400390625,30.0
1771.807861328125,558.1319580078125,30.0
1771.7216796875,558.2596435546875,30.0
1747.0,559.0,30.0
1725.3751220703125,559.9138793945312,30.0
1718.854736328125,559.9466552734375,30.0
1716.7420654296875,559.9193725585938,30.0
1716.2423095703125,560.1131591796875,30.0
1715.9853515625,560.1887817382812,30.0
1715.7427978515625,560.2383422851562,30.0
1715.5670166015625,560.260009765625,30.0
1715.5257568359375,560.3859252929688,30.0
1715.62255859375,560.4970703125,30.0
1715.486328125,560.3569946289062,30.0
1715.0982666015625,560.4767456054688,30.0
1714.932373046875,560.64013671875,30.0
1714.92236328125,560.770263671875,30.0
1714.778076171875,560.8637084960938,30.0
1690.0,562.0,30.0
1670.2392578125,562.0675659179688,30.0
1663.9443359375,562.234375,30.0
1662.1025390625,562.406005859375,30.0
1660.7677001953125,562.429443359375,30.0
1660.1331787109375,562.4007568359375,30.0
1659.8426513671875,562.4547729492188,30.0
1659.84912109375,562.724853515625,30.0
1659.79541015625,563.0848388671875,30.0
1659.63623046875,563.4151000976562,30.0
1659.5584716796875,563.5332641601562,30.0
1659.0626220703125,563.5201416015625,30.0
1658.7327880859375,563.4317626953125,30.0
1658.44384765625,563.6781616210938,30.0
1658.8299560546875,563.6810913085938,30.0
1634.0,564.0,30.0
1616.2926025390625,564.3106079101562,30.0
1609.4874267578125,564.6919555664062,30.0
1606.6646728515625,564.9252319335938,30.0
1605.771240234375,565.079833984375,30.0
1604.7728271484375,565.0846557617188,30.0
1604.267333984375,564.9708251953125,30.0
1604.018310546875,565.1312866210938,30.0
1603.875732421875,565.0922241210938,30.0
1603.6544189453125,565.4812622070312,30.0
1603.6561279296875,565.5355224609375,30.0
1603.4510498046875,565.5473022460938,30.0
1603.447998046875,565.6801147460938,30.0
1602.772216796875,565.613037109375,30.0
1602.832763671875,565.7279663085938,30.0
1584.425048828125,566.0416870117188,30.0
1561.9713134765625,566.4640502929688,30.0
1554.6417236328125,566.9797973632812,30.0
1551.8699951171875,566.903076171875,30.0
1550.4063720703125,567.12939453125,30.0
1549.961669921875,567.3321533203125,30.0
1549.3763427734375,567.5830688476562,30.0
1548.902587890625,567.6088256835938,30.0
1548.2803955078125,567.4258422851562,30.0
1548.18359375,567.5811767578125,30.0
1547.9503173828125,567.6099853515625,30.0
1547.9215087890625,567.7423095703125,30.0
1547.647705078125,567.8367919921875,30.0
1547.3525390625,567.6893920898438,30.0
1546.8665771484375,567.969482421875,30.0
1529.9735107421875,568.1322021484375,30.0
1508.1553955078125,568.7001342773438,30.0
1499.5059814453125,568.6362915039062,30.0
1496.0455322265625,568.4872436523438,30.0
1494.8358154296875,568.615234375,30.0
1494.19287109375,568.6343383789062,30.0
1493.73095703125,568.9240112304688,30.0
1492.7569580078125,569.0778198242188,30.0
1492.4481201171875,569.0703735351562,30.0
1492.2371826171875,569.2536010742188,30.0
1492.041015625,569.321044921875,30.0
1491.6357421875,569.3907470703125,30.0
1491.723876953125,569.6778564453125,30.0
1491.5849609375,569.6370239257812,30.0
1491.0462646484375,569.5904541015625,30.0
1483.52880859375,569.951171875,30.0
1459.0,570.0,30.0
1444.2318115234375,570.4523315429688,30.0
1441.2210693359375,570.44970703125,30.0
1439.8482666015625,570.9503784179688,30.0
1438.64501953125,571.0100708007812,30.0
1438.0142822265625,571.172607421875,30.0
1437.6363525390625,571.15185546875,30.0
1437.45751953125,571.214111328125,30.0
1436.9920654296875,571.1651000976562,30.0
1436.21435546875,571.111328125,30.0
1436.0877685546875,571.4130859375,30.0
1435.82275390625,571.3678588867188,30.0
1435.811279296875,571.5971069335938,30.0
1435.5234375,571.6889038085938,30.0
1427.757080078125,571.760009765625,30.0
1403.0,572.0,30.0
1389.5369873046875,572.447021484375,30.0
1385.5380859375,572.448486328125,30.0
1383.9017333984375,572.4357299804688,30.0
1382.4630126953125,572.4529418945312,30.0
1382.220458984375,572.4884643554688,30.0
1381.8001708984375,572.8480834960938,30.0
1381.712158203125,572.820068359375,30.0
1380.8897705078125,572.82177734375,30.0
1380.4427490234375,573.1036987304688,30.0
1380.204833984375,573.400146484375,30.0
1380.1439208984375,573.3587036132812,30.0
1379.7509765625,573.5828857421875,30.0
1379.4833984375,573.2947387695312,30.0
1374.390869140625,573.7025146484375,30.0
1350.0,574.0,30.0
1334.254638671875,574.3068237304688,30.0
1330.5267333984375,574.3929443359375,30.0
1329.3177490234375,574.6862182617188,30.0
1328.016357421875,574.5546264648438,30.0
1327.184326171875,574.7764282226562,30.0
1326.3980712890625,575.1907958984375,30.0
1326.162353515625,575.212158203125,30.0
1325.8270263671875,574.8218994140625,30.0
1325.3953857421875,575.0982055664062,30.0
1325.14501953125,575.32763671875,30.0
1324.71533203125,575.1492919921875,30.0
1324.7918701171875,575.513916015625,30.0
1324.451416015625,575.070068359375,30.0
1820.999267578125,608.0007934570312,40.0
1821.600830078125,608.21044921875,40.0
1822.78515625,608.4501953125,40.0
1823.246337890625,608.46923828125,40.0
1823.880615234375,608.9886474609375,40.0
1824.417724609375,609.0904541015625,40.0
1824.643310546875,609.14697265625,40.0
1821.8878173828125,609.5281982421875,40.0
1821.6160888671875,609.739990234375,40.0
1821.1632080078125,609.8902587890625,40.0
1820.5123291015625,610.0502319335938,40.0
1819.6861572265625,610.2308959960938,40.0
1819.245849609375,610.3714599609375,40.0
1818.7718505859375,610.4977416992188,40.0
1818.2935791015625,610.6192626953125,40.0
1817.849853515625,610.7330932617188,40.0
1817.4825439453125,610.8335571289062,40.0
1817.1298828125,610.9259643554688,40.0
1816.801513671875,611.0115966796875,40.0
1816.5030517578125,611.090087890625,40.0
1816.233642578125,611.1614990234375,40.0
1815.98388671875,611.2271118164062,40.0
1815.754638671875,611.287353515625,40.0
1832.66162109375,618.6460571289062,40.0
1821.3436279296875,619.5964965820312,40.0
1817.5860595703125,619.7214965820312,40.0
1816.736328125,619.66552734375,40.0
1816.130615234375,619.8546142578125,40.0
1815.84228515625,619.987548828125,40.0
1815.931884765625,619.9940185546875,40.0
1815.5609130859375,620.1156616210938,40.0
1815.1658935546875,619.96435546875,40.0
1815.089111328125,620.14990234375,40.0
1815.090087890625,620.2259521484375,40.0
1814.97607421875,620.2315673828125,40.0
1814.9368896484375,620.3174438476562,40.0
1814.687255859375,620.443359375,40.0
1812.6876220703125,620.3834838867188,40.0
1786.0,622.0,40.0
1766.9185791015625,621.8245849609375,40.0
1762.8583984375,621.9659423828125,40.0
1761.12646484375,622.0848999023438,40.0
1760.8529052734375,622.2199096679688,40.0
1760.5079345703125,622.2389526367188,40.0
1759.976318359375,622.3258666992188,40.0
1759.424072265625,622.3875732421875,40.0
1759.46826171875,622.3079223632812,40.0
1759.2242431640625,622.4750366210938,40.0
1759.2159423828125,622.5128173828125,40.0
1759.1351318359375,622.4786987304688,40.0
1758.952880859375,622.5781860351562,40.0
1758.8353271484375,622.7112426757812,40.0
1756.9869384765625,622.96337890625,40.0
1730.0,624.0,40.0
1712.78515625,623.8718872070312,40.0
1708.454345703125,623.982666015625,40.0
1706.7806396484375,623.9893188476562,40.0
1705.763671875,624.0880126953125,40.0
1705.18408203125,624.183837890625,40.0
1704.8956298828125,624.218505859375,40.0
1704.621826171875,624.3204956054688,40.0
1704.649169921875,624.3228759765625,40.0
1704.4393310546875,624.421142578125,40.0
1703.458251953125,624.3955688476562,40.0
1703.4588623046875,624.30908203125,40.0
1703.417724609375,624.5670166015625,40.0
1703.36376953125,624.4954223632812,40.0
1701.392822265625,624.9449462890625,40.0
1675.0,626.0,40.0
1658.3109130859375,626.2313842773438,40.0
1653.1522216796875,626.301025390625,40.0
1651.1539306640625,626.335693359375,40.0
1650.6727294921875,626.26513671875,40.0
1649.36279296875,626.6184692382812,40.0
1649.0194091796875,626.7337036132812,40.0
1648.9085693359375,626.4992065429688,40.0
1648.5396728515625,626.4998168945312,40.0
1648.43017578125,626.8271484375,40.0
1647.600830078125,627.4852294921875,40.0
1647.425537109375,627.2113037109375,40.0
1647.479248046875,626.9022827148438,40.0
1647.6434326171875,627.3761596679688,40.0
1646.2620849609375,627.1380004882812,40.0
1620.0,628.0,40.0
1603.9813232421875,628.2778930664062,40.0
1598.7255859375,628.1070556640625,40.0
1596.410888671875,628.0796508789062,40.0
1595.009765625,628.2711791992188,40.0
1594.6083984375,628.3087158203125,40.0
1593.7093505859375,628.43115234375,40.0
1593.544677734375,628.6470336914062,40.0
1593.0528564453125,628.5053100585938,40.0
1592.9376220703125,628.5262451171875,40.0
1592.6441650390625,628.4623413085938,40.0
1592.48486328125,628.7476806640625,40.0
1592.261962890625,628.7662353515625,40.0
1591.9996337890625,628.8604736328125,40.0
1591.187255859375,629.015869140625,40.0
1566.6842041015625,630.0712280273438,40.0
1549.0750732421875,630.1538696289062,40.0
1543.10205078125,630.1759033203125,40.0
1541.111083984375,630.1898193359375,40.0
1540.1761474609375,630.3135375976562,40.0
1539.0904541015625,630.1773071289062,40.0
1538.6915283203125,630.3038940429688,40.0
1538.211181640625,630.302490234375,40.0
1537.60546875,630.6547241210938,40.0
1537.276123046875,630.8902587890625,40.0
1536.986328125,630.7523803710938,40.0
1536.9090576171875,630.9048461914062,40.0
1536.7115478515625,631.055908203125,40.0
1536.5684814453125,630.8966064453125,40.0
1535.64794921875,630.8209838867188,40.0
1510.68896484375,631.8593139648438,40.0
1493.7532958984375,631.984130859375,40.0
1488.710205078125,632.2332153320312,40.0
1485.270263671875,632.1588134765625,40.0
1484.5523681640625,632.0719604492188,40.0
1483.2232666015625,632.2486572265625,40.0
1482.60400390625,632.2058715820312,40.0
1482.3875732421875,632.2166748046875,40.0
1481.642822265625,632.47607421875,40.0
1481.500732421875,632.5972900390625,40.0
1481.4832763671875,633.131591796875,40.0
1481.0250244140625,632.6577758789062,40.0
1480.745361328125,632.409912109375,40.0
1480.78466796875,632.4805908203125,40.0
1479.97802734375,632.4761962890625,40.0
1457.1378173828125,633.685302734375,40.0
1440.5457763671875,634.2439575195312,40.0
1433.0482177734375,634.3532104492188,40.0
1430.7559814453125,634.3319091796875,40.0
1429.3115234375,634.1888427734375,40.0
1428.841552734375,634.4241943359375,40.0
1428.3397216796875,634.4461669921875,40.0
1427.4031982421875,634.7689208984375,40.0
1427.104736328125,634.7029418945312,40.0
1426.7882080078125,634.697509765625,40.0
1426.60009765625,635.2966918945312,40.0
1426.4825439453125,635.1982421875,40.0
1426.2874755859375,635.6273193359375,40.0
1425.4520263671875,635.3560180664062,40.0
1425.28369140625,635.330810546875,40.0
1818.9998779296875,663.0008544921875,50.0
1819.771484375,663.18603515625,50.0
1820.7542724609375,663.44580078125,50.0
1820.8104248046875,663.2748413085938,50.0
1821.3961181640625,663.7735595703125,50.0
1821.8194580078125,664.019287109375,50.0
1822.412841796875,664.42724609375,50.0
1795.0,665.0,50.0
1775.269775390625,665.9446411132812,50.0
1769.0155029296875,666.67529296875,50.0
1767.07373046875,666.7780151367188,50.0
1766.603515625,666.9432373046875,50.0
1766.5194091796875,666.910888671875,50.0
1766.24560546875,667.0785522460938,50.0
1765.78955078125,667.2976684570312,50.0
1765.8609619140625,667.30908203125,50.0
1765.9298095703125,667.4204711914062,50.0
1765.62353515625,667.652587890625,50.0
1765.63037109375,667.6444091796875,50.0
1765.3907470703125,667.74755859375,50.0
1765.7239990234375,668.2391967773438,50.0
1765.5677490234375,668.2410888671875,50.0
1738.0,669.0,50.0
1721.027099609375,669.2261962890625,50.0
1713.914306640625,669.5452880859375,50.0
1711.722900390625,669.5509643554688,50.0
1711.0902099609375,669.8685302734375,50.0
1710.61279296875,670.185546875,50.0
1710.27880859375,670.1956176757812,50.0
1710.1549072265625,670.4298095703125,50.0
1709.93701171875,670.5592651367188,50.0
1709.841796875,670.6473999023438,50.0
1709.4813232421875,670.5902709960938,50.0
1709.4508056640625,670.7218017578125,50.0
1709.1978759765625,670.7642822265625,50.0
1709.2901611328125,670.8465576171875,50.0
1709.1954345703125,670.7950439453125,50.0
1684.9027099609375,671.4513549804688,50.0
1667.2752685546875,671.5537719726562,50.0
1659.3880615234375,672.2536010742188,50.0
1657.1678466796875,672.5223999023438,50.0
1655.8978271484375,672.5103149414062,50.0
1655.471923828125,672.6724243164062,50.0
1655.224609375,672.7212524414062,50.0
1654.90673828125,672.81298828125,50.0
1654.6343994140625,672.8746337890625,50.0
1654.61328125,672.9912109375,50.0
1654.339599609375,673.0789794921875,50.0
1654.5301513671875,673.1642456054688,50.0
1654.0418701171875,673.0223388671875,50.0
1654.02099609375,673.183837890625,50.0
1653.262451171875,673.0325317382812,50.0
1630.8651123046875,673.7556762695312,50.0
1613.667724609375,674.2057495117188,50.0
1605.03955078125,674.6331787109375,50.0
1602.11181640625,674.6043090820312,50.0
1601.1068115234375,674.5194091796875,50.0
1600.37939453125,674.68701171875,50.0
1599.5994873046875,674.7720336914062,50.0
1599.38671875,674.7163696289062,50.0
1599.1197509765625,674.8018188476562,50.0
1598.8369140625,674.8394775390625,50.0
1598.647216796875,674.8665161132812,50.0
1598.5010986328125,674.9273681640625,50.0
1598.516845703125,675.0389404296875,50.0
1598.1634521484375,675.014404296875,50.0
1598.091552734375,675.117431640625,50.0
1590.6710205078125,675.2683715820312,50.0
1563.0,677.0,50.0
1550.6444091796875,676.4170532226562,50.0
1547.345458984375,676.5755615234375,50.0
1545.7779541015625,676.639892578125,50.0
1545.1553955078125,676.6329345703125,50.0
1544.740234375,676.7023315429688,50.0
1544.052734375,676.7352294921875,50.0
1543.7142333984375,676.6760864257812,50.0
1543.4013671875,676.7970581054688,50.0
1543.08642578125,676.9259643554688,50.0
1543.1356201171875,676.9631958007812,50.0
1542.787353515625,676.894775390625,50.0
1542.7869873046875,677.08984375,50.0
1542.520751953125,677.111572265625,50.0
1534.6990966796875,677.0521850585938,50.0
1507.0,678.0,50.0
1495.756103515625,678.2155151367188,50.0
1492.85546875,678.5760498046875,50.0
1490.952880859375,677.978271484375,50.0
1490.52099609375,678.5735473632812,50.0
1489.3299560546875,678.5503540039062,50.0
1489.2498779296875,678.628173828125,50.0
1488.7474365234375,678.6472778320312,50.0
1488.134765625,678.658203125,50.0
1487.9942626953125,678.613037109375,50.0
1487.82177734375,678.7291259765625,50.0
1487.4140625,678.893310546875,50.0
1487.349365234375,678.8111572265625,50.0
1487.0350341796875,678.939208984375,50.0
1481.52294921875,679.0045776367188,50.0
1454.0,679.0,50.0
1441.2159423828125,679.5205078125,50.0
1437.2213134765625,679.7728271484375,50.0
1435.7138671875,679.8895263671875,50.0
1434.9185791015625,680.0499877929688,50.0
1434.230224609375,680.1668701171875,50.0
1433.50634765625,680.249267578125,50.0
1433.1468505859375,680.6409912109375,50.0
1432.9744873046875,680.61474609375,50.0
1432.6280517578125,680.6920166015625,50.0
1432.1534423828125,680.73779296875,50.0
1432.2060546875,680.8225708007812,50.0
1431.5985107421875,680.7637939453125,50.0
1431.110595703125,680.6951904296875,50.0
1426.7591552734375,680.8408813476562,50.0
1399.0,681.0,50.0
1386.61767578125,681.496826171875,50.0
1382.6102294921875,681.5442504882812,50.0
1380.1585693359375,681.4476928710938,50.0
1379.296630859375,681.5037231445312,50.0
1378.713134765625,681.8104248046875,50.0
1378.4918212890625,682.0849609375,50.0
1377.94580078125,682.064697265625,50.0
1377.9608154296875,682.0425415039062,50.0
1377.1292724609375,682.4857788085938,50.0
1376.897705078125,682.40771484375,50.0
1376.658203125,682.5369262695312,50.0
1376.5091552734375,682.5524291992188,50.0
1375.979736328125,682.593505859375,50.0
1372.625,682.5955810546875,50.0
1345.0,683.0,50.0
1331.3707275390625,683.3773193359375,50.0
1326.9859619140625,683.60205078125,50.0
1325.2869873046875,683.764892578125,50.0
1324.3314208984375,683.8173217773438,50.0
1323.384521484375,683.6996459960938,50.0
1322.8856201171875,683.9530029296875,50.0
1322.5836181640625,684.3067626953125,50.0
1322.3953857421875,684.17041015625,50.0
1321.8924560546875,684.1585083007812,50.0
1321.396728515625,684.5746459960938,50.0
1321.0426025390625,684.4850463867188,50.0
1320.84912109375,684.6025390625,50.0
1320.857666015625,684.5426635742188,50.0
1320.939208984375,684.6317138671875,50.0
1817.9989013671875,715.0004272460938,60.0
1818.2835693359375,715.1193237304688,60.0
1819.2913818359375,715.3572998046875,60.0
1819.8426513671875,715.4271240234375,60.0
1819.9515380859375,715.8167724609375,60.0
1820.37353515625,716.1932373046875,60.0
1818.2681884765625,716.0304565429688,60.0
1791.0,717.0,60.0
1770.1922607421875,717.9263305664062,60.0
1766.4339599609375,718.2537841796875,60.0
1766.441162109375,718.24462890625,60.0
1765.028076171875,718.7307739257812,60.0
1764.6346435546875,718.8920288085938,60.0
1764.7470703125,718.8748168945312,60.0
1764.5306396484375,718.9253540039062,60.0
1764.4559326171875,718.9886474609375,60.0
1764.4993896484375,719.12109375,60.0
1764.4959716796875,719.12060546875,60.0
1764.2386474609375,719.3030395507812,60.0
1764.326904296875,719.3084716796875,60.0
1764.4498291015625,719.4202880859375,60.0
1762.7945556640625,719.4874267578125,60.0
1735.0,721.0,60.0
1729.5849609375,720.6463012695312,60.0
1716.09228515625,721.0407104492188,60.0
1710.0933837890625,721.21435546875,60.0
1709.5845947265625,721.2831420898438,60.0
1709.3984375,721.355712890625,60.0
1708.8131103515625,721.3497314453125,60.0
1708.9107666015625,721.7202758789062,60.0
1708.8807373046875,721.65380859375,60.0
1708.4061279296875,721.8097534179688,60.0
1708.3956298828125,722.0997924804688,60.0
1708.2672119140625,722.1553955078125,60.0
1708.175537109375,722.4729614257812,60.0
1708.2275390625,722.721435546875,60.0
1706.6273193359375,722.6024780273438,60.0
1706.6290283203125,722.5999755859375,60.0
1706.3013916015625,722.6889038085938,60.0
1705.926513671875,722.7321166992188,60.0
1705.46630859375,722.7342529296875,60.0
1705.234130859375,722.7606201171875,60.0
1704.9552001953125,722.792724609375,60.0
1704.6859130859375,722.8134765625,60.0
1704.437744140625,722.8297729492188,60.0
1704.2320556640625,722.848876953125,60.0
1704.0316162109375,722.8665161132812,60.0
1703.846923828125,722.8812866210938,60.0
1703.6790771484375,722.8948364257812,60.0
1703.52734375,722.9078369140625,60.0
1703.3863525390625,722.9196166992188,60.0
1703.25732421875,722.9302368164062,60.0
1727.775390625,730.2615966796875,60.0
1711.8541259765625,730.7977294921875,60.0
1706.4755859375,730.6456298828125,60.0
1704.605712890625,730.6707763671875,60.0
1703.7415771484375,730.905517578125,60.0
1703.740478515625,730.9053955078125,60.0
1702.543212890625,730.9349975585938,60.0
1702.1904296875,730.9907836914062,60.0
1701.975341796875,731.0821533203125,60.0
1701.7939453125,731.046875,60.0
1701.6259765625,731.0475463867188,60.0
1701.619873046875,730.9800415039062,60.0
1701.6005859375,731.180908203125,60.0
1700.954345703125,731.1844482421875,60.0
1700.6915283203125,731.43115234375,60.0
1674.628662109375,732.21630859375,60.0
1657.810791015625,732.6201782226562,60.0
1652.146240234375,732.843505859375,60.0
1652.1123046875,732.8289184570312,60.0
1649.7418212890625,732.7737426757812,60.0
1648.069580078125,732.90673828125,60.0
1647.6566162109375,732.906494140625,60.0
1647.316162109375,733.085205078125,60.0
1646.747802734375,733.01318359375,60.0
1646.7279052734375,733.0023803710938,60.0
1646.375732421875,733.1591796875,60.0
1646.21630859375,733.135009765625,60.0
1646.0023193359375,733.0953369140625,60.0
1645.786865234375,733.3145751953125,60.0
1645.741455078125,733.3922729492188,60.0
1621.5413818359375,734.4480590820312,60.0
1621.3668212890625,734.5222778320312,60.0
1603.58447265625,734.7354736328125,60.0
1594.4495849609375,734.8568115234375,60.0
1593.4881591796875,734.7911376953125,60.0
1592.5670166015625,734.7810668945312,60.0
1591.8245849609375,734.8362426757812,60.0
1591.5052490234375,734.9379272460938,60.0
1591.5064697265625,734.9383544921875,60.0
1591.589111328125,735.0695190429688,60.0
1590.231689453125,735.1678466796875,60.0
1590.0567626953125,735.0050659179688,60.0
1589.9625244140625,735.1285400390625,60.0
1590.029052734375,735.3010864257812,60.0
1590.0498046875,735.2523803710938,60.0
1589.8148193359375,735.022216796875,60.0
1589.7664794921875,735.025634765625,60.0
1589.727294921875,735.0050659179688,60.0
1589.6669921875,734.9458618164062,60.0
1589.5904541015625,734.8845825195312,60.0
1589.5455322265625,734.8570556640625,60.0
1589.5013427734375,734.8233642578125,60.0
1589.4561767578125,734.7870483398438,60.0
1589.4140625,734.7553100585938,60.0
1589.3787841796875,734.7294311523438,60.0
1589.345458984375,734.7039184570312,60.0
1589.3143310546875,734.6800537109375,60.0
1589.2860107421875,734.6586303710938,60.0
1589.2603759765625,734.6392822265625,60.0
1589.2366943359375,734.6212768554688,60.0
1616.0,743.0,60.0
1597.6248779296875,743.7027587890625,60.0
1590.00341796875,744.8358154296875,60.0
1587.623779296875,744.9775390625,60.0
1587.6610107421875,744.8912353515625,60.0
1585.979736328125,744.6952514648438,60.0
1585.5313720703125,744.8224487304688,60.0
1584.1099853515625,745.010009765625,60.0
1583.8438720703125,744.7157592773438,60.0
1583.5423583984375,745.1979370117188,60.0
1582.90576171875,744.8804321289062,60.0
1583.0677490234375,744.97412109375,60.0
1582.4559326171875,745.1355590820312,60.0
1582.066650390625,745.083251953125,60.0
1582.0107421875,745.2840576171875,60.0
1566.5281982421875,745.2405395507812,60.0
1543.45263671875,747.056640625,60.0
1543.3369140625,747.0520629882812,60.0
1535.1658935546875,746.8606567382812,60.0
1532.100830078125,747.1068725585938,60.0
1529.929443359375,746.7777709960938,60.0
1529.7047119140625,746.814453125,60.0
1528.7685546875,747.0844116210938,60.0
1527.998779296875,746.9724731445312,60.0
1527.9976806640625,746.9617919921875,60.0
1528.1378173828125,746.9431762695312,60.0
1527.8089599609375,747.258544921875,60.0
1527.693603515625,747.0986328125,60.0
1527.1761474609375,747.1187133789062,60.0
1526.7479248046875,747.3328247070312,60.0
1812.991455078125,771.0012817382812,70.0
1813.29248046875,771.1481323242188,70.0
1815.1461181640625,771.9151611328125,70.0
1815.4010009765625,772.0068969726562,70.0
1815.9251708984375,772.1538696289062,70.0
1816.187744140625,772.2962036132812,70.0
1816.1463623046875,772.1951293945312,70.0
1816.97412109375,772.6085815429688,70.0
1790.34716796875,773.201904296875,70.0
1764.5709228515625,774.7919921875,70.0
1762.5574951171875,774.7928466796875,70.0
1761.427734375,774.9616088867188,70.0
1760.9071044921875,775.1906127929688,70.0
1760.91015625,775.1822509765625,70.0
1761.0411376953125,775.2718505859375,70.0
1760.98388671875,775.479248046875,70.0
1760.7701416015625,775.4324951171875,70.0
1760.9603271484375,775.626953125,70.0
1760.86181640625,775.8287353515625,70.0
1760.8455810546875,775.830322265625,70.0
1760.6859130859375,776.0257568359375,70.0
1760.986328125,776.17626953125,70.0
1737.0155029296875,776.8772583007812,70.0
1718.9654541015625,777.2365112304688,70.0
1711.0892333984375,777.6282348632812,70.0
1707.9952392578125,777.5076293945312,70.0
1707.89111328125,777.4974365234375,70.0
1706.88818359375,777.4569702148438,70.0
1706.829345703125,778.307373046875,70.0
1706.2454833984375,778.5908813476562,70.0
1706.2318115234375,778.5415649414062,70.0
1705.956787109375,778.5767211914062,70.0
1705.9505615234375,778.604248046875,70.0
1705.9356689453125,778.7232666015625,70.0
1705.458251953125,778.6337280273438,70.0
1705.295166015625,778.6611938476562,70.0
1705.2196044921875,778.9320678710938,70.0
1698.3245849609375,779.1473999023438,70.0
1667.0,780.0,70.0
1665.484130859375,779.6416625976562,70.0
1656.8201904296875,780.1278686523438,70.0
1653.2523193359375,780.3348999023438,70.0
1652.4193115234375,780.7092895507812,70.0
1651.60400390625,780.7977294921875,70.0
1651.2491455078125,780.9328002929688,70.0
1651.1412353515625,780.970458984375,70.0
1651.142578125,780.969482421875,70.0
1650.87841796875,781.0661010742188,70.0
1650.5008544921875,781.091796875,70.0
1650.5440673828125,781.1881713867188,70.0
1650.083251953125,781.2233276367188,70.0
1650.1204833984375,781.2972412109375,70.0
1650.0889892578125,781.3070678710938,70.0
1645.091552734375,781.7169799804688,70.0
1614.0,783.0,70.0
1602.5330810546875,782.9298095703125,70.0
1597.212158203125,783.072265625,70.0
1596.830810546875,783.2208862304688,70.0
1596.5814208984375,783.35791015625,70.0
1596.58203125,783.3582153320312,70.0
1595.786376953125,783.2167358398438,70.0
1595.3785400390625,783.2886962890625,70.0
1595.4263916015625,783.5737915039062,70.0
1594.9208984375,783.4122924804688,70.0
1594.840576171875,783.4988403320312,70.0
1594.853271484375,783.4776611328125,70.0
1594.8741455078125,783.4993896484375,70.0
1594.917724609375,783.6954956054688,70.0
1589.9793701171875,783.55322265625,70.0
1589.007080078125,783.5640869140625,70.0
1587.837890625,783.5813598632812,70.0
1586.4306640625,783.5977783203125,70.0
1584.7332763671875,783.5782470703125,70.0
1583.68408203125,783.583251953125,70.0
1582.6195068359375,783.5870971679688,70.0
1581.5758056640625,783.5882568359375,70.0
1580.6048583984375,783.5863647460938,70.0
1579.7791748046875,783.5880126953125,70.0
1578.9981689453125,783.5889892578125,70.0
1578.27392578125,783.58935546875,70.0
1571.4437255859375,811.0272827148438,70.0
1540.0,785.0,70.0
1539.2685546875,785.3667602539062,70.0
1508.0,787.0,70.0
1494.1712646484375,786.9163818359375,70.0
1494.16650390625,786.9180908203125,70.0
1489.6075439453125,786.9542236328125,70.0
1488.344970703125,786.8541259765625,70.0
1487.15234375,786.9177856445312,70.0
1485.961669921875,787.0919799804688,70.0
1485.3651123046875,787.130126953125,70.0
1485.114501953125,787.0249633789062,70.0
1485.1102294921875,787.02294921875,70.0
1484.800048828125,787.0153198242188,70.0
1484.866455078125,787.259033203125,70.0
1484.0845947265625,787.0140380859375,70.0
1483.8753662109375,787.2593383789062,70.0
1481.184326171875,787.33447265625,70.0
1451.9984130859375,788.234130859375,70.0
1451.9793701171875,788.215087890625,70.0
1439.4232177734375,788.7134399414062,70.0
1434.9593505859375,788.648193359375,70.0
1433.13037109375,788.7510986328125,70.0
1431.2181396484375,788.929443359375,70.0
1430.9058837890625,788.9583740234375,70.0
1430.9117431640625,788.9210205078125,70.0
1429.9471435546875,789.0614013671875,70.0
1429.4962158203125,789.01318359375,70.0
1429.305419921875,789.068603515625,70.0
1429.24462890625,788.9608764648438,70.0
1428.7962646484375,789.3446044921875,70.0
1428.65283203125,789.2616577148438,70.0
1428.646240234375,789.2683715820312,70.0
1426.6114501953125,789.5701904296875,70.0
1398.7750244140625,790.170166015625,70.0
1384.9425048828125,790.6527099609375,70.0
1378.4698486328125,790.6982421875,70.0
1376.9224853515625,790.890380859375,70.0
1376.52197265625,790.8814697265625,70.0
1376.52001953125,790.8831176757812,70.0
1375.6416015625,790.948974609375,70.0
1375.2340087890625,791.0133056640625,70.0
1375.0086669921875,791.0870971679688,70.0
1374.5469970703125,791.0803833007812,70.0
1373.98876953125,791.1135864257812,70.0
1373.9832763671875,791.111572265625,70.0
1373.65869140625,791.0797729492188,70.0
1373.3790283203125,791.0137329101562,70.0
1371.663818359375,791.041015625,70.0
1345.16943359375,791.751708984375,70.0
1325.152099609375,792.7083129882812,70.0
1323.005615234375,792.6436157226562,70.0
1323.0032958984375,792.6651611328125,70.0
1322.4222412109375,792.7518310546875,70.0
1321.2620849609375,792.8589477539062,70.0
1320.8721923828125,792.7445678710938,70.0
1319.827392578125,793.2049560546875,70.0
1319.25,793.1365966796875,70.0
1319.2515869140625,793.1377563476562,70.0
1319.2696533203125,793.0630493164062,70.0
1318.978759765625,793.0202026367188,70.0
1318.7296142578125,793.0338134765625,70.0
1318.676025390625,793.1489868164062,70.0
